[0m20:11:30.404211 [debug] [MainThread]: Sending event: {'category': 'dbt', 'action': 'invocation', 'label': 'start', 'context': [<snowplow_tracker.self_describing_json.SelfDescribingJson object at 0x7fa570174590>, <snowplow_tracker.self_describing_json.SelfDescribingJson object at 0x7fa57303cf50>, <snowplow_tracker.self_describing_json.SelfDescribingJson object at 0x7fa56ee33d90>]}


============================== 20:11:30.420942 | fb9fa252-2101-4138-97c8-d9ac846bd367 ==============================
[0m20:11:30.420942 [info ] [MainThread]: Running with dbt=1.12.0
[0m20:11:30.423048 [debug] [MainThread]: running dbt with arguments {'use_experimental_parser': 'False', 'partial_parse': 'True', 'log_path': '/opt/airflow/walmart_dbt_project/logs', 'cache_selected_only': 'False', 'empty': 'None', 'log_cache_events': 'False', 'hints_enabled': 'True', 'no_print': 'None', 'target_path': 'None', 'warn_error_options': 'WarnErrorOptionsV2(error=[], warn=[], silence=[])', 'profiles_dir': '/opt/airflow/walmart_dbt_project', 'warn_error': 'None', 'invocation_command': 'dbt source freshness', 'printer_width': '80', 'introspect': 'True', 'log_format': 'default', 'quiet': 'False', 'maximum_seed_size_mib': '1', 'static_parser': 'True', 'send_anonymous_usage_stats': 'True', 'use_colors': 'True', 'version_check': 'True', 'fail_fast': 'False', 'indirect_selection': 'eager', 'write_json': 'True', 'debug': 'False'}
[0m20:11:32.179780 [debug] [MainThread]: Spark adapter: Setting pyhive.hive logging to ERROR
[0m20:11:32.181367 [debug] [MainThread]: Spark adapter: Setting thrift.transport logging to ERROR
[0m20:11:32.182877 [debug] [MainThread]: Spark adapter: Setting thrift.protocol logging to ERROR
[0m20:11:34.207481 [debug] [MainThread]: Sending event: {'category': 'dbt', 'action': 'project_id', 'label': 'fb9fa252-2101-4138-97c8-d9ac846bd367', 'context': [<snowplow_tracker.self_describing_json.SelfDescribingJson object at 0x7fa56ff59810>]}
[0m20:11:34.316974 [debug] [MainThread]: Sending event: {'category': 'dbt', 'action': 'adapter_info', 'label': 'fb9fa252-2101-4138-97c8-d9ac846bd367', 'context': [<snowplow_tracker.self_describing_json.SelfDescribingJson object at 0x7fa538b097b0>]}
[0m20:11:34.319333 [info ] [MainThread]: Registered adapter: databricks=1.12.3
[0m20:11:34.532764 [debug] [MainThread]: checksum: 2cc2bfe6655d8990decf4293b303320fbf01ae4fb602131a9ec6ff506b2e8850, vars: {}, profile: walmart_dbt_project, target: dev, version: 1.12.0
[0m20:11:34.538158 [info ] [MainThread]: Unable to do partial parsing because saved manifest not found. Starting full parse.
[0m20:11:34.540251 [debug] [MainThread]: Sending event: {'category': 'dbt', 'action': 'partial_parser', 'label': 'fb9fa252-2101-4138-97c8-d9ac846bd367', 'context': [<snowplow_tracker.self_describing_json.SelfDescribingJson object at 0x7fa538c13950>]}
[0m20:11:40.365980 [debug] [MainThread]: Sending event: {'category': 'dbt', 'action': 'load_project', 'label': 'fb9fa252-2101-4138-97c8-d9ac846bd367', 'context': [<snowplow_tracker.self_describing_json.SelfDescribingJson object at 0x7fa532011400>]}
[0m20:11:40.700139 [debug] [MainThread]: Wrote artifact WritableManifest to /opt/airflow/walmart_dbt_project/target/manifest.json
[0m20:11:40.725358 [debug] [MainThread]: Wrote artifact SemanticManifest to /opt/airflow/walmart_dbt_project/target/semantic_manifest.json
[0m20:11:40.841549 [debug] [MainThread]: Wrote artifact OsiDocument to /opt/airflow/walmart_dbt_project/target/osi_document.json
[0m20:11:41.029570 [debug] [MainThread]: Sending event: {'category': 'dbt', 'action': 'resource_counts', 'label': 'fb9fa252-2101-4138-97c8-d9ac846bd367', 'context': [<snowplow_tracker.self_describing_json.SelfDescribingJson object at 0x7fa5321067b0>]}
[0m20:11:41.037528 [info ] [MainThread]: Found 14 models, 1 analysis, 5 data tests, 5 snapshots, 6 sources, 774 macros
[0m20:11:41.043696 [debug] [MainThread]: Sending event: {'category': 'dbt', 'action': 'runnable_timing', 'label': 'fb9fa252-2101-4138-97c8-d9ac846bd367', 'context': [<snowplow_tracker.self_describing_json.SelfDescribingJson object at 0x7fa531d2a820>]}
[0m20:11:41.056397 [warn ] [MainThread]: [[33mWARNING[0m]: Nothing to do. Try checking your model configs and model specification args
[0m20:11:41.414617 [debug] [MainThread]: Wrote artifact WritableManifest to /opt/airflow/walmart_dbt_project/target/manifest.json
[0m20:11:41.430666 [debug] [MainThread]: Wrote artifact SemanticManifest to /opt/airflow/walmart_dbt_project/target/semantic_manifest.json
[0m20:11:41.444021 [debug] [MainThread]: Wrote artifact OsiDocument to /opt/airflow/walmart_dbt_project/target/osi_document.json
[0m20:11:41.462293 [debug] [MainThread]: Wrote artifact FreshnessResult to /opt/airflow/walmart_dbt_project/target/sources.json
[0m20:11:41.463861 [info ] [MainThread]: Done.
[0m20:11:41.466790 [debug] [MainThread]: Resource report: {"command_name": "freshness", "command_success": true, "command_wall_clock_time": 11.36867, "process_in_blocks": "0", "process_kernel_time": 2.595545, "process_mem_max_rss": "293788", "process_out_blocks": "0", "process_user_time": 13.02647}
[0m20:11:41.468632 [debug] [MainThread]: Command `dbt source freshness` succeeded at 20:11:41.468308 after 11.37 seconds
[0m20:11:41.472031 [debug] [MainThread]: Sending event: {'category': 'dbt', 'action': 'invocation', 'label': 'end', 'context': [<snowplow_tracker.self_describing_json.SelfDescribingJson object at 0x7fa56f0cfc50>, <snowplow_tracker.self_describing_json.SelfDescribingJson object at 0x7fa531cbe830>, <snowplow_tracker.self_describing_json.SelfDescribingJson object at 0x7fa531cbe6d0>]}
[0m20:11:41.474044 [debug] [MainThread]: Flushing usage events
[0m20:11:42.626597 [debug] [MainThread]: An error was encountered while trying to flush usage events
[0m20:11:50.720900 [debug] [MainThread]: Sending event: {'category': 'dbt', 'action': 'invocation', 'label': 'start', 'context': [<snowplow_tracker.self_describing_json.SelfDescribingJson object at 0x7eab5946c590>, <snowplow_tracker.self_describing_json.SelfDescribingJson object at 0x7eab5c340f50>, <snowplow_tracker.self_describing_json.SelfDescribingJson object at 0x7eab58177d90>]}


============================== 20:11:50.725735 | 3489f15e-4fc7-4cc8-ab32-7e6139b27c13 ==============================
[0m20:11:50.725735 [info ] [MainThread]: Running with dbt=1.12.0
[0m20:11:50.727119 [debug] [MainThread]: running dbt with arguments {'printer_width': '80', 'maximum_seed_size_mib': '1', 'write_json': 'True', 'cache_selected_only': 'False', 'send_anonymous_usage_stats': 'True', 'log_path': '/opt/airflow/walmart_dbt_project/logs', 'debug': 'False', 'use_experimental_parser': 'False', 'use_colors': 'True', 'partial_parse': 'True', 'log_cache_events': 'False', 'empty': 'False', 'log_format': 'default', 'target_path': 'None', 'profiles_dir': '/opt/airflow/walmart_dbt_project', 'introspect': 'True', 'quiet': 'False', 'no_print': 'None', 'warn_error': 'None', 'warn_error_options': 'WarnErrorOptionsV2(error=[], warn=[], silence=[])', 'invocation_command': 'dbt run --select silver_technical', 'version_check': 'True', 'indirect_selection': 'eager', 'static_parser': 'True', 'hints_enabled': 'True', 'fail_fast': 'False'}
[0m20:11:52.189287 [debug] [MainThread]: Spark adapter: Setting pyhive.hive logging to ERROR
[0m20:11:52.190439 [debug] [MainThread]: Spark adapter: Setting thrift.transport logging to ERROR
[0m20:11:52.191556 [debug] [MainThread]: Spark adapter: Setting thrift.protocol logging to ERROR
[0m20:11:53.269799 [debug] [MainThread]: Sending event: {'category': 'dbt', 'action': 'project_id', 'label': '3489f15e-4fc7-4cc8-ab32-7e6139b27c13', 'context': [<snowplow_tracker.self_describing_json.SelfDescribingJson object at 0x7eab59259810>]}
[0m20:11:53.366074 [debug] [MainThread]: Sending event: {'category': 'dbt', 'action': 'adapter_info', 'label': '3489f15e-4fc7-4cc8-ab32-7e6139b27c13', 'context': [<snowplow_tracker.self_describing_json.SelfDescribingJson object at 0x7eab1dca97b0>]}
[0m20:11:53.368230 [info ] [MainThread]: Registered adapter: databricks=1.12.3
[0m20:11:53.654728 [debug] [MainThread]: checksum: 2cc2bfe6655d8990decf4293b303320fbf01ae4fb602131a9ec6ff506b2e8850, vars: {}, profile: walmart_dbt_project, target: dev, version: 1.12.0
[0m20:11:54.907156 [debug] [MainThread]: Partial parsing enabled: 0 files deleted, 0 files added, 0 files changed.
[0m20:11:54.909457 [debug] [MainThread]: Nothing changed, skipping partial parsing.
[0m20:11:54.910614 [debug] [MainThread]: Partial parsing enabled, no changes found, skipping parsing
[0m20:11:54.932032 [debug] [MainThread]: Sending event: {'category': 'dbt', 'action': 'load_project', 'label': '3489f15e-4fc7-4cc8-ab32-7e6139b27c13', 'context': [<snowplow_tracker.self_describing_json.SelfDescribingJson object at 0x7eab1d5a5950>]}
[0m20:11:55.376230 [debug] [MainThread]: Wrote artifact WritableManifest to /opt/airflow/walmart_dbt_project/target/manifest.json
[0m20:11:55.387069 [debug] [MainThread]: Wrote artifact SemanticManifest to /opt/airflow/walmart_dbt_project/target/semantic_manifest.json
[0m20:11:55.411296 [debug] [MainThread]: Wrote artifact OsiDocument to /opt/airflow/walmart_dbt_project/target/osi_document.json
[0m20:11:55.449439 [debug] [MainThread]: Sending event: {'category': 'dbt', 'action': 'resource_counts', 'label': '3489f15e-4fc7-4cc8-ab32-7e6139b27c13', 'context': [<snowplow_tracker.self_describing_json.SelfDescribingJson object at 0x7eab1d6616d0>]}
[0m20:11:55.450683 [info ] [MainThread]: Found 14 models, 1 analysis, 5 data tests, 5 snapshots, 6 sources, 774 macros
[0m20:11:55.451852 [debug] [MainThread]: Sending event: {'category': 'dbt', 'action': 'runnable_timing', 'label': '3489f15e-4fc7-4cc8-ab32-7e6139b27c13', 'context': [<snowplow_tracker.self_describing_json.SelfDescribingJson object at 0x7eab1d7f3d90>]}
[0m20:11:55.458263 [info ] [MainThread]: 
[0m20:11:55.459423 [info ] [MainThread]: Concurrency: 1 threads (target='dev')
[0m20:11:55.460412 [info ] [MainThread]: 
[0m20:11:55.462106 [debug] [MainThread]: Databricks adapter: DatabricksDBTConnection(session-id=None, name=master) - Creating connection
[0m20:11:55.462911 [debug] [MainThread]: Acquiring new databricks connection 'master'
[0m20:11:55.474946 [debug] [ThreadPool]: Databricks adapter: DatabricksDBTConnection(session-id=None, name=list_walmart) - Creating connection
[0m20:11:55.477116 [debug] [ThreadPool]: Acquiring new databricks connection 'list_walmart'
[0m20:11:55.503456 [debug] [ThreadPool]: Using databricks connection "list_walmart"
[0m20:11:55.504732 [debug] [ThreadPool]: On list_walmart: /* {"app": "dbt", "dbt_version": "1.12.0", "dbt_databricks_version": "1.12.3", "databricks_sql_connector_version": "4.3.0", "profile_name": "walmart_dbt_project", "target_name": "dev", "invocation_id": "3489f15e-4fc7-4cc8-ab32-7e6139b27c13", "connection_name": "list_walmart"} */

    

  SHOW SCHEMAS IN `walmart`


  
[0m20:11:55.505716 [debug] [ThreadPool]: Opening a new connection, currently in state init
[0m20:12:01.145069 [debug] [ThreadPool]: Databricks adapter: Connection(session-id=01f18eae-6a9b-1a5d-922b-9262af7f4634) - Created
[0m20:12:10.150265 [debug] [ThreadPool]: SQL status: OK in 14.640 seconds
[0m20:12:10.203235 [debug] [ThreadPool]: Databricks adapter: Cursor(session-id=01f18eae-6a9b-1a5d-922b-9262af7f4634, command-id=01f18eae-6bdd-125b-a61d-1a48d4ec6aa3) - Closing
[0m20:12:10.545316 [debug] [ThreadPool]: On list_walmart: Close
[0m20:12:10.546343 [debug] [ThreadPool]: Databricks adapter: Connection(session-id=01f18eae-6a9b-1a5d-922b-9262af7f4634) - Closing
[0m20:12:10.981183 [debug] [ThreadPool]: Databricks adapter: DatabricksDBTConnection(session-id=None, name=list_walmart_silver_business) - Creating connection
[0m20:12:10.982581 [debug] [ThreadPool]: Acquiring new databricks connection 'list_walmart_silver_business'
[0m20:12:10.991495 [debug] [ThreadPool]: Using databricks connection "list_walmart_silver_business"
[0m20:12:10.992936 [debug] [ThreadPool]: On list_walmart_silver_business: /* {"app": "dbt", "dbt_version": "1.12.0", "dbt_databricks_version": "1.12.3", "databricks_sql_connector_version": "4.3.0", "profile_name": "walmart_dbt_project", "target_name": "dev", "invocation_id": "3489f15e-4fc7-4cc8-ab32-7e6139b27c13", "connection_name": "list_walmart_silver_business"} */

    
SELECT
  table_name,
  if(table_type IN ('EXTERNAL', 'MANAGED', 'MANAGED_SHALLOW_CLONE', 'EXTERNAL_SHALLOW_CLONE'), 'table', lower(table_type)) AS table_type,
  lower(data_source_format) AS file_format,
  table_owner,
  if(
    table_type IN (
      'EXTERNAL',
      'MANAGED',
      'MANAGED_SHALLOW_CLONE',
      'EXTERNAL_SHALLOW_CLONE'
    ),
    lower(table_type),
    NULL
  ) AS databricks_table_type
FROM `system`.`information_schema`.`tables`
WHERE table_catalog = 'walmart'
  AND table_schema = 'silver_business'

  
[0m20:12:10.994352 [debug] [ThreadPool]: Opening a new connection, currently in state init
[0m20:12:12.538723 [debug] [ThreadPool]: Databricks adapter: Connection(session-id=01f18eae-7284-186d-863d-f4a88f346a6e) - Created
[0m20:12:16.307123 [debug] [ThreadPool]: SQL status: OK in 5.310 seconds
[0m20:12:16.319062 [debug] [ThreadPool]: Databricks adapter: Cursor(session-id=01f18eae-7284-186d-863d-f4a88f346a6e, command-id=01f18eae-72bc-1594-af3d-437e77d53ec9) - Closing
[0m20:12:16.321813 [debug] [ThreadPool]: On list_walmart_silver_business: Close
[0m20:12:16.322893 [debug] [ThreadPool]: Databricks adapter: Connection(session-id=01f18eae-7284-186d-863d-f4a88f346a6e) - Closing
[0m20:12:16.654967 [debug] [ThreadPool]: Databricks adapter: DatabricksDBTConnection(session-id=None, name=list_walmart_dbt_schema) - Creating connection
[0m20:12:16.656731 [debug] [ThreadPool]: Acquiring new databricks connection 'list_walmart_dbt_schema'
[0m20:12:16.659050 [debug] [ThreadPool]: Using databricks connection "list_walmart_dbt_schema"
[0m20:12:16.660289 [debug] [ThreadPool]: On list_walmart_dbt_schema: /* {"app": "dbt", "dbt_version": "1.12.0", "dbt_databricks_version": "1.12.3", "databricks_sql_connector_version": "4.3.0", "profile_name": "walmart_dbt_project", "target_name": "dev", "invocation_id": "3489f15e-4fc7-4cc8-ab32-7e6139b27c13", "connection_name": "list_walmart_dbt_schema"} */

    
SELECT
  table_name,
  if(table_type IN ('EXTERNAL', 'MANAGED', 'MANAGED_SHALLOW_CLONE', 'EXTERNAL_SHALLOW_CLONE'), 'table', lower(table_type)) AS table_type,
  lower(data_source_format) AS file_format,
  table_owner,
  if(
    table_type IN (
      'EXTERNAL',
      'MANAGED',
      'MANAGED_SHALLOW_CLONE',
      'EXTERNAL_SHALLOW_CLONE'
    ),
    lower(table_type),
    NULL
  ) AS databricks_table_type
FROM `system`.`information_schema`.`tables`
WHERE table_catalog = 'walmart'
  AND table_schema = 'dbt_schema'

  
[0m20:12:16.661717 [debug] [ThreadPool]: Opening a new connection, currently in state init
[0m20:12:18.965635 [debug] [ThreadPool]: Databricks adapter: Connection(session-id=01f18eae-7659-16c4-a47a-e352060ac9e0) - Created
[0m20:12:20.107792 [debug] [ThreadPool]: SQL status: OK in 3.450 seconds
[0m20:12:20.116218 [debug] [ThreadPool]: Databricks adapter: Cursor(session-id=01f18eae-7659-16c4-a47a-e352060ac9e0, command-id=01f18eae-768e-1564-af6d-f6c6cb16f875) - Closing
[0m20:12:20.119243 [debug] [ThreadPool]: On list_walmart_dbt_schema: Close
[0m20:12:20.121902 [debug] [ThreadPool]: Databricks adapter: Connection(session-id=01f18eae-7659-16c4-a47a-e352060ac9e0) - Closing
[0m20:12:20.443910 [debug] [ThreadPool]: Databricks adapter: DatabricksDBTConnection(session-id=None, name=list_walmart_gold) - Creating connection
[0m20:12:20.446831 [debug] [ThreadPool]: Acquiring new databricks connection 'list_walmart_gold'
[0m20:12:20.453446 [debug] [ThreadPool]: Using databricks connection "list_walmart_gold"
[0m20:12:20.454794 [debug] [ThreadPool]: On list_walmart_gold: /* {"app": "dbt", "dbt_version": "1.12.0", "dbt_databricks_version": "1.12.3", "databricks_sql_connector_version": "4.3.0", "profile_name": "walmart_dbt_project", "target_name": "dev", "invocation_id": "3489f15e-4fc7-4cc8-ab32-7e6139b27c13", "connection_name": "list_walmart_gold"} */

    
SELECT
  table_name,
  if(table_type IN ('EXTERNAL', 'MANAGED', 'MANAGED_SHALLOW_CLONE', 'EXTERNAL_SHALLOW_CLONE'), 'table', lower(table_type)) AS table_type,
  lower(data_source_format) AS file_format,
  table_owner,
  if(
    table_type IN (
      'EXTERNAL',
      'MANAGED',
      'MANAGED_SHALLOW_CLONE',
      'EXTERNAL_SHALLOW_CLONE'
    ),
    lower(table_type),
    NULL
  ) AS databricks_table_type
FROM `system`.`information_schema`.`tables`
WHERE table_catalog = 'walmart'
  AND table_schema = 'gold'

  
[0m20:12:20.456143 [debug] [ThreadPool]: Opening a new connection, currently in state init
[0m20:12:22.250161 [debug] [ThreadPool]: Databricks adapter: Connection(session-id=01f18eae-7837-1cce-aca3-09e371c0fb53) - Created
[0m20:12:23.376546 [debug] [ThreadPool]: SQL status: OK in 2.920 seconds
[0m20:12:23.381839 [debug] [ThreadPool]: Databricks adapter: Cursor(session-id=01f18eae-7837-1cce-aca3-09e371c0fb53, command-id=01f18eae-787f-17a1-b838-e2185cad6104) - Closing
[0m20:12:23.383549 [debug] [ThreadPool]: On list_walmart_gold: Close
[0m20:12:23.384642 [debug] [ThreadPool]: Databricks adapter: Connection(session-id=01f18eae-7837-1cce-aca3-09e371c0fb53) - Closing
[0m20:12:23.715563 [debug] [ThreadPool]: Databricks adapter: DatabricksDBTConnection(session-id=None, name=list_walmart_silver_technical) - Creating connection
[0m20:12:23.719601 [debug] [ThreadPool]: Acquiring new databricks connection 'list_walmart_silver_technical'
[0m20:12:23.725312 [debug] [ThreadPool]: Using databricks connection "list_walmart_silver_technical"
[0m20:12:23.726692 [debug] [ThreadPool]: On list_walmart_silver_technical: /* {"app": "dbt", "dbt_version": "1.12.0", "dbt_databricks_version": "1.12.3", "databricks_sql_connector_version": "4.3.0", "profile_name": "walmart_dbt_project", "target_name": "dev", "invocation_id": "3489f15e-4fc7-4cc8-ab32-7e6139b27c13", "connection_name": "list_walmart_silver_technical"} */

    
SELECT
  table_name,
  if(table_type IN ('EXTERNAL', 'MANAGED', 'MANAGED_SHALLOW_CLONE', 'EXTERNAL_SHALLOW_CLONE'), 'table', lower(table_type)) AS table_type,
  lower(data_source_format) AS file_format,
  table_owner,
  if(
    table_type IN (
      'EXTERNAL',
      'MANAGED',
      'MANAGED_SHALLOW_CLONE',
      'EXTERNAL_SHALLOW_CLONE'
    ),
    lower(table_type),
    NULL
  ) AS databricks_table_type
FROM `system`.`information_schema`.`tables`
WHERE table_catalog = 'walmart'
  AND table_schema = 'silver_technical'

  
[0m20:12:23.729872 [debug] [ThreadPool]: Opening a new connection, currently in state init
[0m20:12:24.983373 [debug] [ThreadPool]: Databricks adapter: Connection(session-id=01f18eae-79ea-1122-b89e-aabf0f6f4301) - Created
[0m20:12:26.089683 [debug] [ThreadPool]: SQL status: OK in 2.360 seconds
[0m20:12:26.093123 [debug] [ThreadPool]: Databricks adapter: Cursor(session-id=01f18eae-79ea-1122-b89e-aabf0f6f4301, command-id=01f18eae-7a1c-174f-befc-b3cc2cc9cd1c) - Closing
[0m20:12:26.094338 [debug] [ThreadPool]: On list_walmart_silver_technical: Close
[0m20:12:26.095181 [debug] [ThreadPool]: Databricks adapter: Connection(session-id=01f18eae-79ea-1122-b89e-aabf0f6f4301) - Closing
[0m20:12:26.407039 [debug] [MainThread]: Sending event: {'category': 'dbt', 'action': 'runnable_timing', 'label': '3489f15e-4fc7-4cc8-ab32-7e6139b27c13', 'context': [<snowplow_tracker.self_describing_json.SelfDescribingJson object at 0x7eab1d4ab860>]}
[0m20:12:26.417422 [debug] [Thread-6 (]: Began running node model.walmart_dbt_project.customers_t
[0m20:12:26.419488 [info ] [Thread-6 (]: 1 of 6 START sql incremental model silver_technical.customers_t ................ [RUN]
[0m20:12:26.421583 [debug] [Thread-6 (]: Databricks adapter: DatabricksDBTConnection(session-id=None, name=model.walmart_dbt_project.customers_t) - Creating connection
[0m20:12:26.423092 [debug] [Thread-6 (]: Acquiring new databricks connection 'model.walmart_dbt_project.customers_t'
[0m20:12:26.423929 [debug] [Thread-6 (]: Began compiling node model.walmart_dbt_project.customers_t
[0m20:12:26.443867 [debug] [Thread-6 (]: Writing injected SQL for node "model.walmart_dbt_project.customers_t"
[0m20:12:26.488642 [debug] [Thread-6 (]: Began executing node model.walmart_dbt_project.customers_t
[0m20:12:26.555160 [debug] [Thread-6 (]: MATERIALIZING INCREMENTAL
[0m20:12:26.595946 [debug] [Thread-6 (]: Using databricks connection "model.walmart_dbt_project.customers_t"
[0m20:12:26.596976 [debug] [Thread-6 (]: On model.walmart_dbt_project.customers_t: /* {"app": "dbt", "dbt_version": "1.12.0", "dbt_databricks_version": "1.12.3", "databricks_sql_connector_version": "4.3.0", "profile_name": "walmart_dbt_project", "target_name": "dev", "invocation_id": "3489f15e-4fc7-4cc8-ab32-7e6139b27c13", "node_id": "model.walmart_dbt_project.customers_t"} */
SELECT column_name
  FROM `walmart`.`information_schema`.`columns`
  WHERE table_catalog = 'walmart' 
    AND table_schema = 'silver_technical'
    AND table_name = 'customers_t'
    AND is_nullable = 'NO';
  
[0m20:12:26.598392 [debug] [Thread-6 (]: Opening a new connection, currently in state init
[0m20:12:27.905621 [debug] [Thread-6 (]: Databricks adapter: Connection(session-id=01f18eae-7ba2-16d2-a5a3-0e095b4c1101) - Created
[0m20:12:28.894457 [debug] [Thread-6 (]: SQL status: OK in 2.300 seconds
[0m20:12:28.897427 [debug] [Thread-6 (]: Databricks adapter: Cursor(session-id=01f18eae-7ba2-16d2-a5a3-0e095b4c1101, command-id=01f18eae-7bd7-1abb-8f0e-9a5480a8d2af) - Closing
[0m20:12:28.905655 [debug] [Thread-6 (]: Using databricks connection "model.walmart_dbt_project.customers_t"
[0m20:12:28.906765 [debug] [Thread-6 (]: On model.walmart_dbt_project.customers_t: /* {"app": "dbt", "dbt_version": "1.12.0", "dbt_databricks_version": "1.12.3", "databricks_sql_connector_version": "4.3.0", "profile_name": "walmart_dbt_project", "target_name": "dev", "invocation_id": "3489f15e-4fc7-4cc8-ab32-7e6139b27c13", "node_id": "model.walmart_dbt_project.customers_t"} */
SELECT kcu.constraint_name, kcu.column_name
  FROM `walmart`.information_schema.key_column_usage kcu
  WHERE kcu.table_catalog = 'walmart' 
    AND kcu.table_schema = 'silver_technical'
    AND kcu.table_name = 'customers_t' 
    AND kcu.constraint_name = (
      SELECT constraint_name
      FROM `walmart`.information_schema.table_constraints
      WHERE table_catalog = 'walmart'
        AND table_schema = 'silver_technical'
        AND table_name = 'customers_t' 
        AND constraint_type = 'PRIMARY KEY'
    )
  ORDER BY kcu.ordinal_position;
  
[0m20:12:31.086258 [debug] [Thread-6 (]: SQL status: OK in 2.180 seconds
[0m20:12:31.089479 [debug] [Thread-6 (]: Databricks adapter: Cursor(session-id=01f18eae-7ba2-16d2-a5a3-0e095b4c1101, command-id=01f18eae-7cb9-1cf5-93c8-aadaf1c52e04) - Closing
[0m20:12:31.097243 [debug] [Thread-6 (]: Using databricks connection "model.walmart_dbt_project.customers_t"
[0m20:12:31.098813 [debug] [Thread-6 (]: On model.walmart_dbt_project.customers_t: /* {"app": "dbt", "dbt_version": "1.12.0", "dbt_databricks_version": "1.12.3", "databricks_sql_connector_version": "4.3.0", "profile_name": "walmart_dbt_project", "target_name": "dev", "invocation_id": "3489f15e-4fc7-4cc8-ab32-7e6139b27c13", "node_id": "model.walmart_dbt_project.customers_t"} */
SELECT
    kcu.constraint_name,
    kcu.column_name AS from_column,
    ukcu.table_catalog AS to_catalog,
    ukcu.table_schema AS to_schema,
    ukcu.table_name AS to_table,
    ukcu.column_name AS to_column
  FROM `walmart`.information_schema.key_column_usage kcu
  JOIN `walmart`.information_schema.referential_constraints rc
    ON kcu.constraint_name = rc.constraint_name
  JOIN `walmart`.information_schema.key_column_usage ukcu
    ON rc.unique_constraint_name = ukcu.constraint_name
    AND kcu.ordinal_position = ukcu.ordinal_position
  WHERE kcu.table_catalog = 'walmart'
    AND kcu.table_schema = 'silver_technical'
    AND kcu.table_name = 'customers_t'
    AND kcu.constraint_name IN (
      SELECT constraint_name
      FROM `walmart`.information_schema.table_constraints
      WHERE table_catalog = 'walmart'
        AND table_schema = 'silver_technical'
        AND table_name = 'customers_t'
        AND constraint_type = 'FOREIGN KEY'
    )
  ORDER BY kcu.ordinal_position;
  
[0m20:12:32.927479 [debug] [Thread-6 (]: SQL status: OK in 1.830 seconds
[0m20:12:32.932483 [debug] [Thread-6 (]: Databricks adapter: Cursor(session-id=01f18eae-7ba2-16d2-a5a3-0e095b4c1101, command-id=01f18eae-7dbb-11ea-81d8-e143a300c57e) - Closing
[0m20:12:32.940102 [debug] [Thread-6 (]: Using databricks connection "model.walmart_dbt_project.customers_t"
[0m20:12:32.941440 [debug] [Thread-6 (]: On model.walmart_dbt_project.customers_t: /* {"app": "dbt", "dbt_version": "1.12.0", "dbt_databricks_version": "1.12.3", "databricks_sql_connector_version": "4.3.0", "profile_name": "walmart_dbt_project", "target_name": "dev", "invocation_id": "3489f15e-4fc7-4cc8-ab32-7e6139b27c13", "node_id": "model.walmart_dbt_project.customers_t"} */
SELECT 
    column_name,
    mask_name,
    using_columns
  FROM `system`.`information_schema`.`column_masks`
  WHERE table_catalog = 'walmart'
    AND table_schema = 'silver_technical'
    AND table_name = 'customers_t';
  
[0m20:12:33.820420 [debug] [Thread-6 (]: SQL status: OK in 0.880 seconds
[0m20:12:33.824324 [debug] [Thread-6 (]: Databricks adapter: Cursor(session-id=01f18eae-7ba2-16d2-a5a3-0e095b4c1101, command-id=01f18eae-7ed1-1771-8919-84e4b46916f0) - Closing
[0m20:12:33.830707 [debug] [Thread-6 (]: Using databricks connection "model.walmart_dbt_project.customers_t"
[0m20:12:33.832272 [debug] [Thread-6 (]: On model.walmart_dbt_project.customers_t: /* {"app": "dbt", "dbt_version": "1.12.0", "dbt_databricks_version": "1.12.3", "databricks_sql_connector_version": "4.3.0", "profile_name": "walmart_dbt_project", "target_name": "dev", "invocation_id": "3489f15e-4fc7-4cc8-ab32-7e6139b27c13", "node_id": "model.walmart_dbt_project.customers_t"} */
SELECT
    table_catalog,
    table_schema,
    table_name,
    filter_name,
    target_columns
  FROM `walmart`.`information_schema`.`row_filters`
  WHERE table_catalog = 'walmart'
    AND table_schema = 'silver_technical'
    AND table_name = 'customers_t'
[0m20:12:34.457313 [debug] [Thread-6 (]: SQL status: OK in 0.620 seconds
[0m20:12:34.460920 [debug] [Thread-6 (]: Databricks adapter: Cursor(session-id=01f18eae-7ba2-16d2-a5a3-0e095b4c1101, command-id=01f18eae-7f58-1427-af28-bdcaf012d906) - Closing
[0m20:12:34.469287 [debug] [Thread-6 (]: Using databricks connection "model.walmart_dbt_project.customers_t"
[0m20:12:34.472905 [debug] [Thread-6 (]: On model.walmart_dbt_project.customers_t: /* {"app": "dbt", "dbt_version": "1.12.0", "dbt_databricks_version": "1.12.3", "databricks_sql_connector_version": "4.3.0", "profile_name": "walmart_dbt_project", "target_name": "dev", "invocation_id": "3489f15e-4fc7-4cc8-ab32-7e6139b27c13", "node_id": "model.walmart_dbt_project.customers_t"} */
SHOW TBLPROPERTIES `walmart`.`silver_technical`.`customers_t`
  
[0m20:12:36.762482 [debug] [Thread-6 (]: SQL status: OK in 2.290 seconds
[0m20:12:36.767001 [debug] [Thread-6 (]: Databricks adapter: Cursor(session-id=01f18eae-7ba2-16d2-a5a3-0e095b4c1101, command-id=01f18eae-7fb8-1d1e-8618-dfb4b6cd2b1d) - Closing
[0m20:12:36.773951 [debug] [Thread-6 (]: Using databricks connection "model.walmart_dbt_project.customers_t"
[0m20:12:36.775416 [debug] [Thread-6 (]: On model.walmart_dbt_project.customers_t: /* {"app": "dbt", "dbt_version": "1.12.0", "dbt_databricks_version": "1.12.3", "databricks_sql_connector_version": "4.3.0", "profile_name": "walmart_dbt_project", "target_name": "dev", "invocation_id": "3489f15e-4fc7-4cc8-ab32-7e6139b27c13", "node_id": "model.walmart_dbt_project.customers_t"} */
describe extended `walmart`.`silver_technical`.`customers_t`
  
[0m20:12:37.677901 [debug] [Thread-6 (]: SQL status: OK in 0.900 seconds
[0m20:12:37.681603 [debug] [Thread-6 (]: Databricks adapter: Cursor(session-id=01f18eae-7ba2-16d2-a5a3-0e095b4c1101, command-id=01f18eae-8129-15b6-b54b-b11031866012) - Closing
[0m20:12:37.683299 [debug] [Thread-6 (]: Databricks adapter: Getting diff for ColumnCommentsConfig: comments={} persist=False and comments={'customer_id': '', 'first_name': '', 'last_name': '', 'email': '', 'phone': '', 'city': '', 'province': '', 'country': '', 'created_timestamp': '', 'updated_timestamp': '', 'is_active': '', 'processed_at': '', '': ''} persist=False
[0m20:12:37.698660 [debug] [Thread-6 (]: Using databricks connection "model.walmart_dbt_project.customers_t"
[0m20:12:37.699805 [debug] [Thread-6 (]: On model.walmart_dbt_project.customers_t: /* {"app": "dbt", "dbt_version": "1.12.0", "dbt_databricks_version": "1.12.3", "databricks_sql_connector_version": "4.3.0", "profile_name": "walmart_dbt_project", "target_name": "dev", "invocation_id": "3489f15e-4fc7-4cc8-ab32-7e6139b27c13", "node_id": "model.walmart_dbt_project.customers_t"} */

  
    create or replace temporary view `customers_t__dbt_tmp` as
      SELECT 
    *,
    current_timestamp() AS processed_at
FROM 
    `walmart`.`bronze`.`customers`
 

 
    WHERE updated_timestamp > (
        SELECT COALESCE(
            MAX(updated_timestamp),
            CAST('1900-01-01' AS TIMESTAMP)
        )
        FROM `walmart`.`silver_technical`.`customers_t`
    )
  
[0m20:12:39.016768 [debug] [Thread-6 (]: SQL status: OK in 1.320 seconds
[0m20:12:39.019200 [debug] [Thread-6 (]: Databricks adapter: Cursor(session-id=01f18eae-7ba2-16d2-a5a3-0e095b4c1101, command-id=01f18eae-81b8-1b49-99d6-9dbaee61abca) - Closing
[0m20:12:39.061999 [debug] [Thread-6 (]: Using databricks connection "model.walmart_dbt_project.customers_t"
[0m20:12:39.063117 [debug] [Thread-6 (]: On model.walmart_dbt_project.customers_t: /* {"app": "dbt", "dbt_version": "1.12.0", "dbt_databricks_version": "1.12.3", "databricks_sql_connector_version": "4.3.0", "profile_name": "walmart_dbt_project", "target_name": "dev", "invocation_id": "3489f15e-4fc7-4cc8-ab32-7e6139b27c13", "node_id": "model.walmart_dbt_project.customers_t"} */

    
  DESCRIBE TABLE EXTENDED `walmart`.`silver_technical`.`customers_t` AS JSON

  
[0m20:12:39.907990 [debug] [Thread-6 (]: SQL status: OK in 0.840 seconds
[0m20:12:39.912537 [debug] [Thread-6 (]: Databricks adapter: Cursor(session-id=01f18eae-7ba2-16d2-a5a3-0e095b4c1101, command-id=01f18eae-8289-15dc-a8e3-0541ee7a937d) - Closing
[0m20:12:39.915712 [debug] [Thread-6 (]: Using databricks connection "model.walmart_dbt_project.customers_t"
[0m20:12:39.917018 [debug] [Thread-6 (]: On model.walmart_dbt_project.customers_t: /* {"app": "dbt", "dbt_version": "1.12.0", "dbt_databricks_version": "1.12.3", "databricks_sql_connector_version": "4.3.0", "profile_name": "walmart_dbt_project", "target_name": "dev", "invocation_id": "3489f15e-4fc7-4cc8-ab32-7e6139b27c13", "node_id": "model.walmart_dbt_project.customers_t"} */

    
  DESCRIBE TABLE EXTENDED `customers_t__dbt_tmp` AS JSON

  
[0m20:12:40.702070 [debug] [Thread-6 (]: SQL status: OK in 0.780 seconds
[0m20:12:40.708093 [debug] [Thread-6 (]: Databricks adapter: Cursor(session-id=01f18eae-7ba2-16d2-a5a3-0e095b4c1101, command-id=01f18eae-830e-1b79-a9c0-04cff96a7e34) - Closing
[0m20:12:40.738482 [debug] [Thread-6 (]: Writing runtime sql for node "model.walmart_dbt_project.customers_t"
[0m20:12:40.824171 [debug] [Thread-6 (]: Using databricks connection "model.walmart_dbt_project.customers_t"
[0m20:12:40.826544 [debug] [Thread-6 (]: On model.walmart_dbt_project.customers_t: /* {"app": "dbt", "dbt_version": "1.12.0", "dbt_databricks_version": "1.12.3", "databricks_sql_connector_version": "4.3.0", "profile_name": "walmart_dbt_project", "target_name": "dev", "invocation_id": "3489f15e-4fc7-4cc8-ab32-7e6139b27c13", "node_id": "model.walmart_dbt_project.customers_t"} */
-- back compat for old kwarg name
  
  
  
  
  
  
      
          
          
      
  

    merge
    into
        `walmart`.`silver_technical`.`customers_t` as DBT_INTERNAL_DEST
    using
        `customers_t__dbt_tmp` as DBT_INTERNAL_SOURCE
    on
        
              DBT_INTERNAL_SOURCE.`customer_id` <=> DBT_INTERNAL_DEST.`customer_id`
          
    when matched
        then update set
            *
    when not matched
        then insert
            *

[0m20:12:53.205373 [debug] [Thread-6 (]: SQL status: OK in 12.370 seconds
[0m20:12:53.208209 [debug] [Thread-6 (]: Databricks adapter: Cursor(session-id=01f18eae-7ba2-16d2-a5a3-0e095b4c1101, command-id=01f18eae-83be-1f0d-ba42-cafc9e29732a) - Closing
[0m20:12:53.629943 [debug] [Thread-6 (]: On model.walmart_dbt_project.customers_t: Close
[0m20:12:53.631949 [debug] [Thread-6 (]: Databricks adapter: Connection(session-id=01f18eae-7ba2-16d2-a5a3-0e095b4c1101) - Closing
[0m20:12:54.015390 [debug] [Thread-6 (]: Sending event: {'category': 'dbt', 'action': 'run_model', 'label': '3489f15e-4fc7-4cc8-ab32-7e6139b27c13', 'context': [<snowplow_tracker.self_describing_json.SelfDescribingJson object at 0x7eab1d7ddb50>]}
[0m20:12:54.017167 [info ] [Thread-6 (]: 1 of 6 OK created sql incremental model silver_technical.customers_t ........... [[32mOK[0m in 27.59s]
[0m20:12:54.020210 [debug] [Thread-6 (]: Finished running node model.walmart_dbt_project.customers_t
[0m20:12:54.022352 [debug] [Thread-6 (]: Began running node model.walmart_dbt_project.employees_t
[0m20:12:54.024317 [info ] [Thread-6 (]: 2 of 6 START sql incremental model silver_technical.employees_t ................ [RUN]
[0m20:12:54.026594 [debug] [Thread-6 (]: Databricks adapter: DatabricksDBTConnection(session-id=None, name=model.walmart_dbt_project.employees_t) - Creating connection
[0m20:12:54.028842 [debug] [Thread-6 (]: Acquiring new databricks connection 'model.walmart_dbt_project.employees_t'
[0m20:12:54.030145 [debug] [Thread-6 (]: Began compiling node model.walmart_dbt_project.employees_t
[0m20:12:54.036061 [debug] [Thread-6 (]: Writing injected SQL for node "model.walmart_dbt_project.employees_t"
[0m20:12:54.103552 [debug] [Thread-6 (]: Began executing node model.walmart_dbt_project.employees_t
[0m20:12:54.109322 [debug] [Thread-6 (]: MATERIALIZING INCREMENTAL
[0m20:12:54.118184 [debug] [Thread-6 (]: Using databricks connection "model.walmart_dbt_project.employees_t"
[0m20:12:54.121045 [debug] [Thread-6 (]: On model.walmart_dbt_project.employees_t: /* {"app": "dbt", "dbt_version": "1.12.0", "dbt_databricks_version": "1.12.3", "databricks_sql_connector_version": "4.3.0", "profile_name": "walmart_dbt_project", "target_name": "dev", "invocation_id": "3489f15e-4fc7-4cc8-ab32-7e6139b27c13", "node_id": "model.walmart_dbt_project.employees_t"} */
SELECT column_name
  FROM `walmart`.`information_schema`.`columns`
  WHERE table_catalog = 'walmart' 
    AND table_schema = 'silver_technical'
    AND table_name = 'employees_t'
    AND is_nullable = 'NO';
  
[0m20:12:54.122769 [debug] [Thread-6 (]: Opening a new connection, currently in state init
[0m20:12:55.418792 [debug] [Thread-6 (]: Databricks adapter: Connection(session-id=01f18eae-8c0c-1ed3-84f1-a735e722a374) - Created
[0m20:12:56.260243 [debug] [Thread-6 (]: SQL status: OK in 2.140 seconds
[0m20:12:56.272509 [debug] [Thread-6 (]: Databricks adapter: Cursor(session-id=01f18eae-8c0c-1ed3-84f1-a735e722a374, command-id=01f18eae-8c3f-11fd-8a86-2baecd6231bc) - Closing
[0m20:12:56.277193 [debug] [Thread-6 (]: Using databricks connection "model.walmart_dbt_project.employees_t"
[0m20:12:56.278482 [debug] [Thread-6 (]: On model.walmart_dbt_project.employees_t: /* {"app": "dbt", "dbt_version": "1.12.0", "dbt_databricks_version": "1.12.3", "databricks_sql_connector_version": "4.3.0", "profile_name": "walmart_dbt_project", "target_name": "dev", "invocation_id": "3489f15e-4fc7-4cc8-ab32-7e6139b27c13", "node_id": "model.walmart_dbt_project.employees_t"} */
SELECT kcu.constraint_name, kcu.column_name
  FROM `walmart`.information_schema.key_column_usage kcu
  WHERE kcu.table_catalog = 'walmart' 
    AND kcu.table_schema = 'silver_technical'
    AND kcu.table_name = 'employees_t' 
    AND kcu.constraint_name = (
      SELECT constraint_name
      FROM `walmart`.information_schema.table_constraints
      WHERE table_catalog = 'walmart'
        AND table_schema = 'silver_technical'
        AND table_name = 'employees_t' 
        AND constraint_type = 'PRIMARY KEY'
    )
  ORDER BY kcu.ordinal_position;
  
[0m20:12:57.740492 [debug] [Thread-6 (]: SQL status: OK in 1.460 seconds
[0m20:12:57.749052 [debug] [Thread-6 (]: Databricks adapter: Cursor(session-id=01f18eae-8c0c-1ed3-84f1-a735e722a374, command-id=01f18eae-8d0e-1486-ad31-f0f31d17e686) - Closing
[0m20:12:57.752922 [debug] [Thread-6 (]: Using databricks connection "model.walmart_dbt_project.employees_t"
[0m20:12:57.754649 [debug] [Thread-6 (]: On model.walmart_dbt_project.employees_t: /* {"app": "dbt", "dbt_version": "1.12.0", "dbt_databricks_version": "1.12.3", "databricks_sql_connector_version": "4.3.0", "profile_name": "walmart_dbt_project", "target_name": "dev", "invocation_id": "3489f15e-4fc7-4cc8-ab32-7e6139b27c13", "node_id": "model.walmart_dbt_project.employees_t"} */
SELECT
    kcu.constraint_name,
    kcu.column_name AS from_column,
    ukcu.table_catalog AS to_catalog,
    ukcu.table_schema AS to_schema,
    ukcu.table_name AS to_table,
    ukcu.column_name AS to_column
  FROM `walmart`.information_schema.key_column_usage kcu
  JOIN `walmart`.information_schema.referential_constraints rc
    ON kcu.constraint_name = rc.constraint_name
  JOIN `walmart`.information_schema.key_column_usage ukcu
    ON rc.unique_constraint_name = ukcu.constraint_name
    AND kcu.ordinal_position = ukcu.ordinal_position
  WHERE kcu.table_catalog = 'walmart'
    AND kcu.table_schema = 'silver_technical'
    AND kcu.table_name = 'employees_t'
    AND kcu.constraint_name IN (
      SELECT constraint_name
      FROM `walmart`.information_schema.table_constraints
      WHERE table_catalog = 'walmart'
        AND table_schema = 'silver_technical'
        AND table_name = 'employees_t'
        AND constraint_type = 'FOREIGN KEY'
    )
  ORDER BY kcu.ordinal_position;
  
[0m20:12:59.069183 [debug] [Thread-6 (]: SQL status: OK in 1.310 seconds
[0m20:12:59.075076 [debug] [Thread-6 (]: Databricks adapter: Cursor(session-id=01f18eae-8c0c-1ed3-84f1-a735e722a374, command-id=01f18eae-8da0-14c8-ac49-fb45c9ea806e) - Closing
[0m20:12:59.079635 [debug] [Thread-6 (]: Using databricks connection "model.walmart_dbt_project.employees_t"
[0m20:12:59.080999 [debug] [Thread-6 (]: On model.walmart_dbt_project.employees_t: /* {"app": "dbt", "dbt_version": "1.12.0", "dbt_databricks_version": "1.12.3", "databricks_sql_connector_version": "4.3.0", "profile_name": "walmart_dbt_project", "target_name": "dev", "invocation_id": "3489f15e-4fc7-4cc8-ab32-7e6139b27c13", "node_id": "model.walmart_dbt_project.employees_t"} */
SELECT 
    column_name,
    mask_name,
    using_columns
  FROM `system`.`information_schema`.`column_masks`
  WHERE table_catalog = 'walmart'
    AND table_schema = 'silver_technical'
    AND table_name = 'employees_t';
  
[0m20:12:59.654879 [debug] [Thread-6 (]: SQL status: OK in 0.570 seconds
[0m20:12:59.662731 [debug] [Thread-6 (]: Databricks adapter: Cursor(session-id=01f18eae-8c0c-1ed3-84f1-a735e722a374, command-id=01f18eae-8e69-16b2-bb4e-0d55f1b10d39) - Closing
[0m20:12:59.669063 [debug] [Thread-6 (]: Using databricks connection "model.walmart_dbt_project.employees_t"
[0m20:12:59.673311 [debug] [Thread-6 (]: On model.walmart_dbt_project.employees_t: /* {"app": "dbt", "dbt_version": "1.12.0", "dbt_databricks_version": "1.12.3", "databricks_sql_connector_version": "4.3.0", "profile_name": "walmart_dbt_project", "target_name": "dev", "invocation_id": "3489f15e-4fc7-4cc8-ab32-7e6139b27c13", "node_id": "model.walmart_dbt_project.employees_t"} */
SELECT
    table_catalog,
    table_schema,
    table_name,
    filter_name,
    target_columns
  FROM `walmart`.`information_schema`.`row_filters`
  WHERE table_catalog = 'walmart'
    AND table_schema = 'silver_technical'
    AND table_name = 'employees_t'
[0m20:13:00.255722 [debug] [Thread-6 (]: SQL status: OK in 0.580 seconds
[0m20:13:00.260883 [debug] [Thread-6 (]: Databricks adapter: Cursor(session-id=01f18eae-8c0c-1ed3-84f1-a735e722a374, command-id=01f18eae-8ec4-1034-8b56-0b1026d4b506) - Closing
[0m20:13:00.266917 [debug] [Thread-6 (]: Using databricks connection "model.walmart_dbt_project.employees_t"
[0m20:13:00.269727 [debug] [Thread-6 (]: On model.walmart_dbt_project.employees_t: /* {"app": "dbt", "dbt_version": "1.12.0", "dbt_databricks_version": "1.12.3", "databricks_sql_connector_version": "4.3.0", "profile_name": "walmart_dbt_project", "target_name": "dev", "invocation_id": "3489f15e-4fc7-4cc8-ab32-7e6139b27c13", "node_id": "model.walmart_dbt_project.employees_t"} */
SHOW TBLPROPERTIES `walmart`.`silver_technical`.`employees_t`
  
[0m20:13:01.276563 [debug] [Thread-6 (]: SQL status: OK in 1.000 seconds
[0m20:13:01.292416 [debug] [Thread-6 (]: Databricks adapter: Cursor(session-id=01f18eae-8c0c-1ed3-84f1-a735e722a374, command-id=01f18eae-8f1c-1d9f-96a4-63e16c6a3188) - Closing
[0m20:13:01.300623 [debug] [Thread-6 (]: Using databricks connection "model.walmart_dbt_project.employees_t"
[0m20:13:01.304377 [debug] [Thread-6 (]: On model.walmart_dbt_project.employees_t: /* {"app": "dbt", "dbt_version": "1.12.0", "dbt_databricks_version": "1.12.3", "databricks_sql_connector_version": "4.3.0", "profile_name": "walmart_dbt_project", "target_name": "dev", "invocation_id": "3489f15e-4fc7-4cc8-ab32-7e6139b27c13", "node_id": "model.walmart_dbt_project.employees_t"} */
describe extended `walmart`.`silver_technical`.`employees_t`
  
[0m20:13:02.190051 [debug] [Thread-6 (]: SQL status: OK in 0.880 seconds
[0m20:13:02.196705 [debug] [Thread-6 (]: Databricks adapter: Cursor(session-id=01f18eae-8c0c-1ed3-84f1-a735e722a374, command-id=01f18eae-8fba-15cd-aa4e-6eb546e69ac5) - Closing
[0m20:13:02.199143 [debug] [Thread-6 (]: Databricks adapter: Getting diff for ColumnCommentsConfig: comments={} persist=False and comments={'employee_id': '', 'store_id': '', 'first_name': '', 'last_name': '', 'email': '', 'job_title': '', 'salary': '', 'created_timestamp': '', 'updated_timestamp': '', 'is_active': '', 'processed_at': '', '': ''} persist=False
[0m20:13:02.202910 [debug] [Thread-6 (]: Using databricks connection "model.walmart_dbt_project.employees_t"
[0m20:13:02.204901 [debug] [Thread-6 (]: On model.walmart_dbt_project.employees_t: /* {"app": "dbt", "dbt_version": "1.12.0", "dbt_databricks_version": "1.12.3", "databricks_sql_connector_version": "4.3.0", "profile_name": "walmart_dbt_project", "target_name": "dev", "invocation_id": "3489f15e-4fc7-4cc8-ab32-7e6139b27c13", "node_id": "model.walmart_dbt_project.employees_t"} */

  
    create or replace temporary view `employees_t__dbt_tmp` as
      SELECT 
    *,
    current_timestamp() AS processed_at
FROM 
    `walmart`.`bronze`.`employees`

 
    WHERE updated_timestamp > (
        SELECT COALESCE(
            MAX(updated_timestamp),
            CAST('1900-01-01' AS TIMESTAMP)
        )
        FROM `walmart`.`silver_technical`.`employees_t`
    )
  
[0m20:13:03.082619 [debug] [Thread-6 (]: SQL status: OK in 0.880 seconds
[0m20:13:03.084200 [debug] [Thread-6 (]: Databricks adapter: Cursor(session-id=01f18eae-8c0c-1ed3-84f1-a735e722a374, command-id=01f18eae-9041-19ae-a682-c96f0428f9aa) - Closing
[0m20:13:03.087187 [debug] [Thread-6 (]: Using databricks connection "model.walmart_dbt_project.employees_t"
[0m20:13:03.088523 [debug] [Thread-6 (]: On model.walmart_dbt_project.employees_t: /* {"app": "dbt", "dbt_version": "1.12.0", "dbt_databricks_version": "1.12.3", "databricks_sql_connector_version": "4.3.0", "profile_name": "walmart_dbt_project", "target_name": "dev", "invocation_id": "3489f15e-4fc7-4cc8-ab32-7e6139b27c13", "node_id": "model.walmart_dbt_project.employees_t"} */

    
  DESCRIBE TABLE EXTENDED `walmart`.`silver_technical`.`employees_t` AS JSON

  
[0m20:13:03.909464 [debug] [Thread-6 (]: SQL status: OK in 0.820 seconds
[0m20:13:03.913688 [debug] [Thread-6 (]: Databricks adapter: Cursor(session-id=01f18eae-8c0c-1ed3-84f1-a735e722a374, command-id=01f18eae-90c6-1861-8024-af0f07c7cf34) - Closing
[0m20:13:03.916515 [debug] [Thread-6 (]: Using databricks connection "model.walmart_dbt_project.employees_t"
[0m20:13:03.917509 [debug] [Thread-6 (]: On model.walmart_dbt_project.employees_t: /* {"app": "dbt", "dbt_version": "1.12.0", "dbt_databricks_version": "1.12.3", "databricks_sql_connector_version": "4.3.0", "profile_name": "walmart_dbt_project", "target_name": "dev", "invocation_id": "3489f15e-4fc7-4cc8-ab32-7e6139b27c13", "node_id": "model.walmart_dbt_project.employees_t"} */

    
  DESCRIBE TABLE EXTENDED `employees_t__dbt_tmp` AS JSON

  
[0m20:13:04.288756 [debug] [Thread-6 (]: SQL status: OK in 0.370 seconds
[0m20:13:04.292403 [debug] [Thread-6 (]: Databricks adapter: Cursor(session-id=01f18eae-8c0c-1ed3-84f1-a735e722a374, command-id=01f18eae-9144-10d4-a022-8ccf9b9d5c13) - Closing
[0m20:13:04.294396 [debug] [Thread-6 (]: Writing runtime sql for node "model.walmart_dbt_project.employees_t"
[0m20:13:04.309424 [debug] [Thread-6 (]: Using databricks connection "model.walmart_dbt_project.employees_t"
[0m20:13:04.310352 [debug] [Thread-6 (]: On model.walmart_dbt_project.employees_t: /* {"app": "dbt", "dbt_version": "1.12.0", "dbt_databricks_version": "1.12.3", "databricks_sql_connector_version": "4.3.0", "profile_name": "walmart_dbt_project", "target_name": "dev", "invocation_id": "3489f15e-4fc7-4cc8-ab32-7e6139b27c13", "node_id": "model.walmart_dbt_project.employees_t"} */
-- back compat for old kwarg name
  
  
  
  
  
  
      
          
          
      
  

    merge
    into
        `walmart`.`silver_technical`.`employees_t` as DBT_INTERNAL_DEST
    using
        `employees_t__dbt_tmp` as DBT_INTERNAL_SOURCE
    on
        
              DBT_INTERNAL_SOURCE.`employee_id` <=> DBT_INTERNAL_DEST.`employee_id`
          
    when matched
        then update set
            *
    when not matched
        then insert
            *

[0m20:13:08.295077 [debug] [Thread-6 (]: SQL status: OK in 3.980 seconds
[0m20:13:08.296728 [debug] [Thread-6 (]: Databricks adapter: Cursor(session-id=01f18eae-8c0c-1ed3-84f1-a735e722a374, command-id=01f18eae-9180-10e6-ac20-522776397704) - Closing
[0m20:13:08.299786 [debug] [Thread-6 (]: On model.walmart_dbt_project.employees_t: Close
[0m20:13:08.300687 [debug] [Thread-6 (]: Databricks adapter: Connection(session-id=01f18eae-8c0c-1ed3-84f1-a735e722a374) - Closing
[0m20:13:08.608968 [debug] [Thread-6 (]: Sending event: {'category': 'dbt', 'action': 'run_model', 'label': '3489f15e-4fc7-4cc8-ab32-7e6139b27c13', 'context': [<snowplow_tracker.self_describing_json.SelfDescribingJson object at 0x7eab1d7abe30>]}
[0m20:13:08.610798 [info ] [Thread-6 (]: 2 of 6 OK created sql incremental model silver_technical.employees_t ........... [[32mOK[0m in 14.58s]
[0m20:13:08.611982 [debug] [Thread-6 (]: Finished running node model.walmart_dbt_project.employees_t
[0m20:13:08.612896 [debug] [Thread-6 (]: Began running node model.walmart_dbt_project.order_items_t
[0m20:13:08.614028 [info ] [Thread-6 (]: 3 of 6 START sql incremental model silver_technical.order_items_t .............. [RUN]
[0m20:13:08.615759 [debug] [Thread-6 (]: Databricks adapter: DatabricksDBTConnection(session-id=None, name=model.walmart_dbt_project.order_items_t) - Creating connection
[0m20:13:08.616869 [debug] [Thread-6 (]: Acquiring new databricks connection 'model.walmart_dbt_project.order_items_t'
[0m20:13:08.617859 [debug] [Thread-6 (]: Began compiling node model.walmart_dbt_project.order_items_t
[0m20:13:08.621832 [debug] [Thread-6 (]: Writing injected SQL for node "model.walmart_dbt_project.order_items_t"
[0m20:13:08.636891 [debug] [Thread-6 (]: Began executing node model.walmart_dbt_project.order_items_t
[0m20:13:08.639034 [debug] [Thread-6 (]: MATERIALIZING INCREMENTAL
[0m20:13:08.643085 [debug] [Thread-6 (]: Using databricks connection "model.walmart_dbt_project.order_items_t"
[0m20:13:08.644425 [debug] [Thread-6 (]: On model.walmart_dbt_project.order_items_t: /* {"app": "dbt", "dbt_version": "1.12.0", "dbt_databricks_version": "1.12.3", "databricks_sql_connector_version": "4.3.0", "profile_name": "walmart_dbt_project", "target_name": "dev", "invocation_id": "3489f15e-4fc7-4cc8-ab32-7e6139b27c13", "node_id": "model.walmart_dbt_project.order_items_t"} */
SELECT column_name
  FROM `walmart`.`information_schema`.`columns`
  WHERE table_catalog = 'walmart' 
    AND table_schema = 'silver_technical'
    AND table_name = 'order_items_t'
    AND is_nullable = 'NO';
  
[0m20:13:08.645723 [debug] [Thread-6 (]: Opening a new connection, currently in state init
[0m20:13:11.029281 [debug] [Thread-6 (]: Databricks adapter: Connection(session-id=01f18eae-9567-12da-b016-1a570caebe5d) - Created
[0m20:13:12.118169 [debug] [Thread-6 (]: SQL status: OK in 3.470 seconds
[0m20:13:12.122133 [debug] [Thread-6 (]: Databricks adapter: Cursor(session-id=01f18eae-9567-12da-b016-1a570caebe5d, command-id=01f18eae-9598-126d-98ae-60c511518e32) - Closing
[0m20:13:12.124400 [debug] [Thread-6 (]: Using databricks connection "model.walmart_dbt_project.order_items_t"
[0m20:13:12.125608 [debug] [Thread-6 (]: On model.walmart_dbt_project.order_items_t: /* {"app": "dbt", "dbt_version": "1.12.0", "dbt_databricks_version": "1.12.3", "databricks_sql_connector_version": "4.3.0", "profile_name": "walmart_dbt_project", "target_name": "dev", "invocation_id": "3489f15e-4fc7-4cc8-ab32-7e6139b27c13", "node_id": "model.walmart_dbt_project.order_items_t"} */
SELECT kcu.constraint_name, kcu.column_name
  FROM `walmart`.information_schema.key_column_usage kcu
  WHERE kcu.table_catalog = 'walmart' 
    AND kcu.table_schema = 'silver_technical'
    AND kcu.table_name = 'order_items_t' 
    AND kcu.constraint_name = (
      SELECT constraint_name
      FROM `walmart`.information_schema.table_constraints
      WHERE table_catalog = 'walmart'
        AND table_schema = 'silver_technical'
        AND table_name = 'order_items_t' 
        AND constraint_type = 'PRIMARY KEY'
    )
  ORDER BY kcu.ordinal_position;
  
[0m20:13:13.068571 [debug] [Thread-6 (]: SQL status: OK in 0.940 seconds
[0m20:13:13.071824 [debug] [Thread-6 (]: Databricks adapter: Cursor(session-id=01f18eae-9567-12da-b016-1a570caebe5d, command-id=01f18eae-963f-18b8-8e4f-75986c095504) - Closing
[0m20:13:13.074000 [debug] [Thread-6 (]: Using databricks connection "model.walmart_dbt_project.order_items_t"
[0m20:13:13.075124 [debug] [Thread-6 (]: On model.walmart_dbt_project.order_items_t: /* {"app": "dbt", "dbt_version": "1.12.0", "dbt_databricks_version": "1.12.3", "databricks_sql_connector_version": "4.3.0", "profile_name": "walmart_dbt_project", "target_name": "dev", "invocation_id": "3489f15e-4fc7-4cc8-ab32-7e6139b27c13", "node_id": "model.walmart_dbt_project.order_items_t"} */
SELECT
    kcu.constraint_name,
    kcu.column_name AS from_column,
    ukcu.table_catalog AS to_catalog,
    ukcu.table_schema AS to_schema,
    ukcu.table_name AS to_table,
    ukcu.column_name AS to_column
  FROM `walmart`.information_schema.key_column_usage kcu
  JOIN `walmart`.information_schema.referential_constraints rc
    ON kcu.constraint_name = rc.constraint_name
  JOIN `walmart`.information_schema.key_column_usage ukcu
    ON rc.unique_constraint_name = ukcu.constraint_name
    AND kcu.ordinal_position = ukcu.ordinal_position
  WHERE kcu.table_catalog = 'walmart'
    AND kcu.table_schema = 'silver_technical'
    AND kcu.table_name = 'order_items_t'
    AND kcu.constraint_name IN (
      SELECT constraint_name
      FROM `walmart`.information_schema.table_constraints
      WHERE table_catalog = 'walmart'
        AND table_schema = 'silver_technical'
        AND table_name = 'order_items_t'
        AND constraint_type = 'FOREIGN KEY'
    )
  ORDER BY kcu.ordinal_position;
  
[0m20:13:14.591244 [debug] [Thread-6 (]: SQL status: OK in 1.520 seconds
[0m20:13:14.594985 [debug] [Thread-6 (]: Databricks adapter: Cursor(session-id=01f18eae-9567-12da-b016-1a570caebe5d, command-id=01f18eae-96d0-1845-8bfa-a715c17f80e8) - Closing
[0m20:13:14.597293 [debug] [Thread-6 (]: Using databricks connection "model.walmart_dbt_project.order_items_t"
[0m20:13:14.598280 [debug] [Thread-6 (]: On model.walmart_dbt_project.order_items_t: /* {"app": "dbt", "dbt_version": "1.12.0", "dbt_databricks_version": "1.12.3", "databricks_sql_connector_version": "4.3.0", "profile_name": "walmart_dbt_project", "target_name": "dev", "invocation_id": "3489f15e-4fc7-4cc8-ab32-7e6139b27c13", "node_id": "model.walmart_dbt_project.order_items_t"} */
SELECT 
    column_name,
    mask_name,
    using_columns
  FROM `system`.`information_schema`.`column_masks`
  WHERE table_catalog = 'walmart'
    AND table_schema = 'silver_technical'
    AND table_name = 'order_items_t';
  
[0m20:13:15.150902 [debug] [Thread-6 (]: SQL status: OK in 0.550 seconds
[0m20:13:15.155074 [debug] [Thread-6 (]: Databricks adapter: Cursor(session-id=01f18eae-9567-12da-b016-1a570caebe5d, command-id=01f18eae-97b9-11d0-8858-a2885c498c5e) - Closing
[0m20:13:15.158815 [debug] [Thread-6 (]: Using databricks connection "model.walmart_dbt_project.order_items_t"
[0m20:13:15.160118 [debug] [Thread-6 (]: On model.walmart_dbt_project.order_items_t: /* {"app": "dbt", "dbt_version": "1.12.0", "dbt_databricks_version": "1.12.3", "databricks_sql_connector_version": "4.3.0", "profile_name": "walmart_dbt_project", "target_name": "dev", "invocation_id": "3489f15e-4fc7-4cc8-ab32-7e6139b27c13", "node_id": "model.walmart_dbt_project.order_items_t"} */
SELECT
    table_catalog,
    table_schema,
    table_name,
    filter_name,
    target_columns
  FROM `walmart`.`information_schema`.`row_filters`
  WHERE table_catalog = 'walmart'
    AND table_schema = 'silver_technical'
    AND table_name = 'order_items_t'
[0m20:13:15.825159 [debug] [Thread-6 (]: SQL status: OK in 0.660 seconds
[0m20:13:15.828363 [debug] [Thread-6 (]: Databricks adapter: Cursor(session-id=01f18eae-9567-12da-b016-1a570caebe5d, command-id=01f18eae-980e-1ada-aa36-489697d2b4c8) - Closing
[0m20:13:15.830558 [debug] [Thread-6 (]: Using databricks connection "model.walmart_dbt_project.order_items_t"
[0m20:13:15.831515 [debug] [Thread-6 (]: On model.walmart_dbt_project.order_items_t: /* {"app": "dbt", "dbt_version": "1.12.0", "dbt_databricks_version": "1.12.3", "databricks_sql_connector_version": "4.3.0", "profile_name": "walmart_dbt_project", "target_name": "dev", "invocation_id": "3489f15e-4fc7-4cc8-ab32-7e6139b27c13", "node_id": "model.walmart_dbt_project.order_items_t"} */
SHOW TBLPROPERTIES `walmart`.`silver_technical`.`order_items_t`
  
[0m20:13:16.893801 [debug] [Thread-6 (]: SQL status: OK in 1.060 seconds
[0m20:13:16.897501 [debug] [Thread-6 (]: Databricks adapter: Cursor(session-id=01f18eae-9567-12da-b016-1a570caebe5d, command-id=01f18eae-9874-10a9-9b5b-d8d1854f20a3) - Closing
[0m20:13:16.900176 [debug] [Thread-6 (]: Using databricks connection "model.walmart_dbt_project.order_items_t"
[0m20:13:16.901490 [debug] [Thread-6 (]: On model.walmart_dbt_project.order_items_t: /* {"app": "dbt", "dbt_version": "1.12.0", "dbt_databricks_version": "1.12.3", "databricks_sql_connector_version": "4.3.0", "profile_name": "walmart_dbt_project", "target_name": "dev", "invocation_id": "3489f15e-4fc7-4cc8-ab32-7e6139b27c13", "node_id": "model.walmart_dbt_project.order_items_t"} */
describe extended `walmart`.`silver_technical`.`order_items_t`
  
[0m20:13:17.763711 [debug] [Thread-6 (]: SQL status: OK in 0.860 seconds
[0m20:13:17.767115 [debug] [Thread-6 (]: Databricks adapter: Cursor(session-id=01f18eae-9567-12da-b016-1a570caebe5d, command-id=01f18eae-9918-10af-8f14-d2e4dcdddd69) - Closing
[0m20:13:17.768538 [debug] [Thread-6 (]: Databricks adapter: Getting diff for ColumnCommentsConfig: comments={} persist=False and comments={'order_item_id': '', 'order_id': '', 'product_id': '', 'quantity': '', 'unit_price': '', 'line_amount': '', 'created_timestamp': '', 'updated_timestamp': '', 'is_active': '', 'processed_at': '', '': ''} persist=False
[0m20:13:17.770881 [debug] [Thread-6 (]: Using databricks connection "model.walmart_dbt_project.order_items_t"
[0m20:13:17.772101 [debug] [Thread-6 (]: On model.walmart_dbt_project.order_items_t: /* {"app": "dbt", "dbt_version": "1.12.0", "dbt_databricks_version": "1.12.3", "databricks_sql_connector_version": "4.3.0", "profile_name": "walmart_dbt_project", "target_name": "dev", "invocation_id": "3489f15e-4fc7-4cc8-ab32-7e6139b27c13", "node_id": "model.walmart_dbt_project.order_items_t"} */

  
    create or replace temporary view `order_items_t__dbt_tmp` as
      SELECT 
    *,
    current_timestamp() AS processed_at
FROM 
    `walmart`.`bronze`.`order_items`
 


 
    WHERE updated_timestamp > (
        SELECT COALESCE(
            MAX(updated_timestamp),
            CAST('1900-01-01' AS TIMESTAMP)
        )
        FROM `walmart`.`silver_technical`.`order_items_t`
    )
  
[0m20:13:18.612564 [debug] [Thread-6 (]: SQL status: OK in 0.840 seconds
[0m20:13:18.614981 [debug] [Thread-6 (]: Databricks adapter: Cursor(session-id=01f18eae-9567-12da-b016-1a570caebe5d, command-id=01f18eae-999b-1319-a476-f0d98607439f) - Closing
[0m20:13:18.618285 [debug] [Thread-6 (]: Using databricks connection "model.walmart_dbt_project.order_items_t"
[0m20:13:18.619495 [debug] [Thread-6 (]: On model.walmart_dbt_project.order_items_t: /* {"app": "dbt", "dbt_version": "1.12.0", "dbt_databricks_version": "1.12.3", "databricks_sql_connector_version": "4.3.0", "profile_name": "walmart_dbt_project", "target_name": "dev", "invocation_id": "3489f15e-4fc7-4cc8-ab32-7e6139b27c13", "node_id": "model.walmart_dbt_project.order_items_t"} */

    
  DESCRIBE TABLE EXTENDED `walmart`.`silver_technical`.`order_items_t` AS JSON

  
[0m20:13:19.199051 [debug] [Thread-6 (]: SQL status: OK in 0.580 seconds
[0m20:13:19.204459 [debug] [Thread-6 (]: Databricks adapter: Cursor(session-id=01f18eae-9567-12da-b016-1a570caebe5d, command-id=01f18eae-9a1c-13bb-b45f-0faaf33fb8b1) - Closing
[0m20:13:19.208282 [debug] [Thread-6 (]: Using databricks connection "model.walmart_dbt_project.order_items_t"
[0m20:13:19.210738 [debug] [Thread-6 (]: On model.walmart_dbt_project.order_items_t: /* {"app": "dbt", "dbt_version": "1.12.0", "dbt_databricks_version": "1.12.3", "databricks_sql_connector_version": "4.3.0", "profile_name": "walmart_dbt_project", "target_name": "dev", "invocation_id": "3489f15e-4fc7-4cc8-ab32-7e6139b27c13", "node_id": "model.walmart_dbt_project.order_items_t"} */

    
  DESCRIBE TABLE EXTENDED `order_items_t__dbt_tmp` AS JSON

  
[0m20:13:19.595627 [debug] [Thread-6 (]: SQL status: OK in 0.380 seconds
[0m20:13:19.598528 [debug] [Thread-6 (]: Databricks adapter: Cursor(session-id=01f18eae-9567-12da-b016-1a570caebe5d, command-id=01f18eae-9a76-121a-86df-9aa2f4761023) - Closing
[0m20:13:19.600431 [debug] [Thread-6 (]: Writing runtime sql for node "model.walmart_dbt_project.order_items_t"
[0m20:13:19.614543 [debug] [Thread-6 (]: Using databricks connection "model.walmart_dbt_project.order_items_t"
[0m20:13:19.615802 [debug] [Thread-6 (]: On model.walmart_dbt_project.order_items_t: /* {"app": "dbt", "dbt_version": "1.12.0", "dbt_databricks_version": "1.12.3", "databricks_sql_connector_version": "4.3.0", "profile_name": "walmart_dbt_project", "target_name": "dev", "invocation_id": "3489f15e-4fc7-4cc8-ab32-7e6139b27c13", "node_id": "model.walmart_dbt_project.order_items_t"} */
-- back compat for old kwarg name
  
  
  
  
  
  
      
          
          
      
  

    merge
    into
        `walmart`.`silver_technical`.`order_items_t` as DBT_INTERNAL_DEST
    using
        `order_items_t__dbt_tmp` as DBT_INTERNAL_SOURCE
    on
        
              DBT_INTERNAL_SOURCE.`order_item_id` <=> DBT_INTERNAL_DEST.`order_item_id`
          
    when matched
        then update set
            *
    when not matched
        then insert
            *

[0m20:13:22.838069 [debug] [Thread-6 (]: SQL status: OK in 3.220 seconds
[0m20:13:22.840125 [debug] [Thread-6 (]: Databricks adapter: Cursor(session-id=01f18eae-9567-12da-b016-1a570caebe5d, command-id=01f18eae-9ab3-1100-9366-8cfe4fcb1365) - Closing
[0m20:13:22.842356 [debug] [Thread-6 (]: On model.walmart_dbt_project.order_items_t: Close
[0m20:13:22.843252 [debug] [Thread-6 (]: Databricks adapter: Connection(session-id=01f18eae-9567-12da-b016-1a570caebe5d) - Closing
[0m20:13:23.169232 [debug] [Thread-6 (]: Sending event: {'category': 'dbt', 'action': 'run_model', 'label': '3489f15e-4fc7-4cc8-ab32-7e6139b27c13', 'context': [<snowplow_tracker.self_describing_json.SelfDescribingJson object at 0x7eab1d55bcf0>]}
[0m20:13:23.171834 [info ] [Thread-6 (]: 3 of 6 OK created sql incremental model silver_technical.order_items_t ......... [[32mOK[0m in 14.55s]
[0m20:13:23.174036 [debug] [Thread-6 (]: Finished running node model.walmart_dbt_project.order_items_t
[0m20:13:23.176166 [debug] [Thread-6 (]: Began running node model.walmart_dbt_project.orders_t
[0m20:13:23.178859 [info ] [Thread-6 (]: 4 of 6 START sql incremental model silver_technical.orders_t ................... [RUN]
[0m20:13:23.180199 [debug] [Thread-6 (]: Databricks adapter: DatabricksDBTConnection(session-id=None, name=model.walmart_dbt_project.orders_t) - Creating connection
[0m20:13:23.181503 [debug] [Thread-6 (]: Acquiring new databricks connection 'model.walmart_dbt_project.orders_t'
[0m20:13:23.182700 [debug] [Thread-6 (]: Began compiling node model.walmart_dbt_project.orders_t
[0m20:13:23.186737 [debug] [Thread-6 (]: Writing injected SQL for node "model.walmart_dbt_project.orders_t"
[0m20:13:23.199727 [debug] [Thread-6 (]: Began executing node model.walmart_dbt_project.orders_t
[0m20:13:23.202770 [debug] [Thread-6 (]: MATERIALIZING INCREMENTAL
[0m20:13:23.206075 [debug] [Thread-6 (]: Using databricks connection "model.walmart_dbt_project.orders_t"
[0m20:13:23.207254 [debug] [Thread-6 (]: On model.walmart_dbt_project.orders_t: /* {"app": "dbt", "dbt_version": "1.12.0", "dbt_databricks_version": "1.12.3", "databricks_sql_connector_version": "4.3.0", "profile_name": "walmart_dbt_project", "target_name": "dev", "invocation_id": "3489f15e-4fc7-4cc8-ab32-7e6139b27c13", "node_id": "model.walmart_dbt_project.orders_t"} */
SELECT column_name
  FROM `walmart`.`information_schema`.`columns`
  WHERE table_catalog = 'walmart' 
    AND table_schema = 'silver_technical'
    AND table_name = 'orders_t'
    AND is_nullable = 'NO';
  
[0m20:13:23.208361 [debug] [Thread-6 (]: Opening a new connection, currently in state init
[0m20:13:24.499137 [debug] [Thread-6 (]: Databricks adapter: Connection(session-id=01f18eae-9d64-15fe-918d-6d421d3c6667) - Created
[0m20:13:25.177045 [debug] [Thread-6 (]: SQL status: OK in 1.970 seconds
[0m20:13:25.180242 [debug] [Thread-6 (]: Databricks adapter: Cursor(session-id=01f18eae-9d64-15fe-918d-6d421d3c6667, command-id=01f18eae-9d99-1c80-9d87-7e249cf4682f) - Closing
[0m20:13:25.182665 [debug] [Thread-6 (]: Using databricks connection "model.walmart_dbt_project.orders_t"
[0m20:13:25.184358 [debug] [Thread-6 (]: On model.walmart_dbt_project.orders_t: /* {"app": "dbt", "dbt_version": "1.12.0", "dbt_databricks_version": "1.12.3", "databricks_sql_connector_version": "4.3.0", "profile_name": "walmart_dbt_project", "target_name": "dev", "invocation_id": "3489f15e-4fc7-4cc8-ab32-7e6139b27c13", "node_id": "model.walmart_dbt_project.orders_t"} */
SELECT kcu.constraint_name, kcu.column_name
  FROM `walmart`.information_schema.key_column_usage kcu
  WHERE kcu.table_catalog = 'walmart' 
    AND kcu.table_schema = 'silver_technical'
    AND kcu.table_name = 'orders_t' 
    AND kcu.constraint_name = (
      SELECT constraint_name
      FROM `walmart`.information_schema.table_constraints
      WHERE table_catalog = 'walmart'
        AND table_schema = 'silver_technical'
        AND table_name = 'orders_t' 
        AND constraint_type = 'PRIMARY KEY'
    )
  ORDER BY kcu.ordinal_position;
  
[0m20:13:26.671340 [debug] [Thread-6 (]: SQL status: OK in 1.490 seconds
[0m20:13:26.674880 [debug] [Thread-6 (]: Databricks adapter: Cursor(session-id=01f18eae-9d64-15fe-918d-6d421d3c6667, command-id=01f18eae-9e49-1845-8346-b761d842c0db) - Closing
[0m20:13:26.676934 [debug] [Thread-6 (]: Using databricks connection "model.walmart_dbt_project.orders_t"
[0m20:13:26.678124 [debug] [Thread-6 (]: On model.walmart_dbt_project.orders_t: /* {"app": "dbt", "dbt_version": "1.12.0", "dbt_databricks_version": "1.12.3", "databricks_sql_connector_version": "4.3.0", "profile_name": "walmart_dbt_project", "target_name": "dev", "invocation_id": "3489f15e-4fc7-4cc8-ab32-7e6139b27c13", "node_id": "model.walmart_dbt_project.orders_t"} */
SELECT
    kcu.constraint_name,
    kcu.column_name AS from_column,
    ukcu.table_catalog AS to_catalog,
    ukcu.table_schema AS to_schema,
    ukcu.table_name AS to_table,
    ukcu.column_name AS to_column
  FROM `walmart`.information_schema.key_column_usage kcu
  JOIN `walmart`.information_schema.referential_constraints rc
    ON kcu.constraint_name = rc.constraint_name
  JOIN `walmart`.information_schema.key_column_usage ukcu
    ON rc.unique_constraint_name = ukcu.constraint_name
    AND kcu.ordinal_position = ukcu.ordinal_position
  WHERE kcu.table_catalog = 'walmart'
    AND kcu.table_schema = 'silver_technical'
    AND kcu.table_name = 'orders_t'
    AND kcu.constraint_name IN (
      SELECT constraint_name
      FROM `walmart`.information_schema.table_constraints
      WHERE table_catalog = 'walmart'
        AND table_schema = 'silver_technical'
        AND table_name = 'orders_t'
        AND constraint_type = 'FOREIGN KEY'
    )
  ORDER BY kcu.ordinal_position;
  
[0m20:13:28.070286 [debug] [Thread-6 (]: SQL status: OK in 1.390 seconds
[0m20:13:28.074631 [debug] [Thread-6 (]: Databricks adapter: Cursor(session-id=01f18eae-9d64-15fe-918d-6d421d3c6667, command-id=01f18eae-9ee1-17d1-ae38-54df462de9b6) - Closing
[0m20:13:28.077410 [debug] [Thread-6 (]: Using databricks connection "model.walmart_dbt_project.orders_t"
[0m20:13:28.078402 [debug] [Thread-6 (]: On model.walmart_dbt_project.orders_t: /* {"app": "dbt", "dbt_version": "1.12.0", "dbt_databricks_version": "1.12.3", "databricks_sql_connector_version": "4.3.0", "profile_name": "walmart_dbt_project", "target_name": "dev", "invocation_id": "3489f15e-4fc7-4cc8-ab32-7e6139b27c13", "node_id": "model.walmart_dbt_project.orders_t"} */
SELECT 
    column_name,
    mask_name,
    using_columns
  FROM `system`.`information_schema`.`column_masks`
  WHERE table_catalog = 'walmart'
    AND table_schema = 'silver_technical'
    AND table_name = 'orders_t';
  
[0m20:13:28.667526 [debug] [Thread-6 (]: SQL status: OK in 0.590 seconds
[0m20:13:28.670421 [debug] [Thread-6 (]: Databricks adapter: Cursor(session-id=01f18eae-9d64-15fe-918d-6d421d3c6667, command-id=01f18eae-9fb5-17fc-880a-2db14432b6e0) - Closing
[0m20:13:28.672563 [debug] [Thread-6 (]: Using databricks connection "model.walmart_dbt_project.orders_t"
[0m20:13:28.673653 [debug] [Thread-6 (]: On model.walmart_dbt_project.orders_t: /* {"app": "dbt", "dbt_version": "1.12.0", "dbt_databricks_version": "1.12.3", "databricks_sql_connector_version": "4.3.0", "profile_name": "walmart_dbt_project", "target_name": "dev", "invocation_id": "3489f15e-4fc7-4cc8-ab32-7e6139b27c13", "node_id": "model.walmart_dbt_project.orders_t"} */
SELECT
    table_catalog,
    table_schema,
    table_name,
    filter_name,
    target_columns
  FROM `walmart`.`information_schema`.`row_filters`
  WHERE table_catalog = 'walmart'
    AND table_schema = 'silver_technical'
    AND table_name = 'orders_t'
[0m20:13:29.247400 [debug] [Thread-6 (]: SQL status: OK in 0.570 seconds
[0m20:13:29.251134 [debug] [Thread-6 (]: Databricks adapter: Cursor(session-id=01f18eae-9d64-15fe-918d-6d421d3c6667, command-id=01f18eae-a00f-15c9-8670-d22a9883c6a0) - Closing
[0m20:13:29.253818 [debug] [Thread-6 (]: Using databricks connection "model.walmart_dbt_project.orders_t"
[0m20:13:29.255038 [debug] [Thread-6 (]: On model.walmart_dbt_project.orders_t: /* {"app": "dbt", "dbt_version": "1.12.0", "dbt_databricks_version": "1.12.3", "databricks_sql_connector_version": "4.3.0", "profile_name": "walmart_dbt_project", "target_name": "dev", "invocation_id": "3489f15e-4fc7-4cc8-ab32-7e6139b27c13", "node_id": "model.walmart_dbt_project.orders_t"} */
SHOW TBLPROPERTIES `walmart`.`silver_technical`.`orders_t`
  
[0m20:13:30.049011 [debug] [Thread-6 (]: SQL status: OK in 0.790 seconds
[0m20:13:30.053514 [debug] [Thread-6 (]: Databricks adapter: Cursor(session-id=01f18eae-9d64-15fe-918d-6d421d3c6667, command-id=01f18eae-a067-18c9-8389-3ca1bec2768e) - Closing
[0m20:13:30.056172 [debug] [Thread-6 (]: Using databricks connection "model.walmart_dbt_project.orders_t"
[0m20:13:30.057272 [debug] [Thread-6 (]: On model.walmart_dbt_project.orders_t: /* {"app": "dbt", "dbt_version": "1.12.0", "dbt_databricks_version": "1.12.3", "databricks_sql_connector_version": "4.3.0", "profile_name": "walmart_dbt_project", "target_name": "dev", "invocation_id": "3489f15e-4fc7-4cc8-ab32-7e6139b27c13", "node_id": "model.walmart_dbt_project.orders_t"} */
describe extended `walmart`.`silver_technical`.`orders_t`
  
[0m20:13:30.581117 [debug] [Thread-6 (]: SQL status: OK in 0.520 seconds
[0m20:13:30.584953 [debug] [Thread-6 (]: Databricks adapter: Cursor(session-id=01f18eae-9d64-15fe-918d-6d421d3c6667, command-id=01f18eae-a0e0-19b3-9116-2465cadc11ef) - Closing
[0m20:13:30.586742 [debug] [Thread-6 (]: Databricks adapter: Getting diff for ColumnCommentsConfig: comments={'order_id': ''} persist=False and comments={'order_id': '', 'customer_id': '', 'store_id': '', 'order_timestamp': '', 'payment_method': '', 'order_status': '', 'total_amount': '', 'created_timestamp': '', 'updated_timestamp': '', 'is_active': '', 'processed_at': '', '': ''} persist=False
[0m20:13:30.588487 [debug] [Thread-6 (]: Using databricks connection "model.walmart_dbt_project.orders_t"
[0m20:13:30.589477 [debug] [Thread-6 (]: On model.walmart_dbt_project.orders_t: /* {"app": "dbt", "dbt_version": "1.12.0", "dbt_databricks_version": "1.12.3", "databricks_sql_connector_version": "4.3.0", "profile_name": "walmart_dbt_project", "target_name": "dev", "invocation_id": "3489f15e-4fc7-4cc8-ab32-7e6139b27c13", "node_id": "model.walmart_dbt_project.orders_t"} */

  
    create or replace temporary view `orders_t__dbt_tmp` as
      SELECT 
    *,
    current_timestamp() AS processed_at
FROM 
    `walmart`.`bronze`.`orders`
 


 
    WHERE updated_timestamp > (
        SELECT COALESCE(
            MAX(updated_timestamp),
            CAST('1900-01-01' AS TIMESTAMP)
        )
        FROM `walmart`.`silver_technical`.`orders_t`
    )
  
[0m20:13:31.657326 [debug] [Thread-6 (]: SQL status: OK in 1.070 seconds
[0m20:13:31.659067 [debug] [Thread-6 (]: Databricks adapter: Cursor(session-id=01f18eae-9d64-15fe-918d-6d421d3c6667, command-id=01f18eae-a131-1894-bba7-dcb069eccfd7) - Closing
[0m20:13:31.688218 [debug] [Thread-6 (]: Using databricks connection "model.walmart_dbt_project.orders_t"
[0m20:13:31.690242 [debug] [Thread-6 (]: On model.walmart_dbt_project.orders_t: /* {"app": "dbt", "dbt_version": "1.12.0", "dbt_databricks_version": "1.12.3", "databricks_sql_connector_version": "4.3.0", "profile_name": "walmart_dbt_project", "target_name": "dev", "invocation_id": "3489f15e-4fc7-4cc8-ab32-7e6139b27c13", "node_id": "model.walmart_dbt_project.orders_t"} */

    
  DESCRIBE TABLE EXTENDED `walmart`.`silver_technical`.`orders_t` AS JSON

  
[0m20:13:32.474136 [debug] [Thread-6 (]: SQL status: OK in 0.780 seconds
[0m20:13:32.478838 [debug] [Thread-6 (]: Databricks adapter: Cursor(session-id=01f18eae-9d64-15fe-918d-6d421d3c6667, command-id=01f18eae-a1d8-1305-8bec-4a8968556225) - Closing
[0m20:13:32.481833 [debug] [Thread-6 (]: Using databricks connection "model.walmart_dbt_project.orders_t"
[0m20:13:32.483525 [debug] [Thread-6 (]: On model.walmart_dbt_project.orders_t: /* {"app": "dbt", "dbt_version": "1.12.0", "dbt_databricks_version": "1.12.3", "databricks_sql_connector_version": "4.3.0", "profile_name": "walmart_dbt_project", "target_name": "dev", "invocation_id": "3489f15e-4fc7-4cc8-ab32-7e6139b27c13", "node_id": "model.walmart_dbt_project.orders_t"} */

    
  DESCRIBE TABLE EXTENDED `orders_t__dbt_tmp` AS JSON

  
[0m20:13:32.885744 [debug] [Thread-6 (]: SQL status: OK in 0.400 seconds
[0m20:13:32.893916 [debug] [Thread-6 (]: Databricks adapter: Cursor(session-id=01f18eae-9d64-15fe-918d-6d421d3c6667, command-id=01f18eae-a250-1d73-b4a2-d802ed95c363) - Closing
[0m20:13:32.897099 [debug] [Thread-6 (]: Writing runtime sql for node "model.walmart_dbt_project.orders_t"
[0m20:13:32.915078 [debug] [Thread-6 (]: Using databricks connection "model.walmart_dbt_project.orders_t"
[0m20:13:32.916054 [debug] [Thread-6 (]: On model.walmart_dbt_project.orders_t: /* {"app": "dbt", "dbt_version": "1.12.0", "dbt_databricks_version": "1.12.3", "databricks_sql_connector_version": "4.3.0", "profile_name": "walmart_dbt_project", "target_name": "dev", "invocation_id": "3489f15e-4fc7-4cc8-ab32-7e6139b27c13", "node_id": "model.walmart_dbt_project.orders_t"} */
-- back compat for old kwarg name
  
  
  
  
  
  
      
          
          
      
  

    merge
    into
        `walmart`.`silver_technical`.`orders_t` as DBT_INTERNAL_DEST
    using
        `orders_t__dbt_tmp` as DBT_INTERNAL_SOURCE
    on
        
              DBT_INTERNAL_SOURCE.`order_id` <=> DBT_INTERNAL_DEST.`order_id`
          
    when matched
        then update set
            *
    when not matched
        then insert
            *

[0m20:13:36.154552 [debug] [Thread-6 (]: SQL status: OK in 3.240 seconds
[0m20:13:36.156207 [debug] [Thread-6 (]: Databricks adapter: Cursor(session-id=01f18eae-9d64-15fe-918d-6d421d3c6667, command-id=01f18eae-a291-13fc-829a-e95defdf59e4) - Closing
[0m20:13:36.159139 [debug] [Thread-6 (]: On model.walmart_dbt_project.orders_t: Close
[0m20:13:36.160062 [debug] [Thread-6 (]: Databricks adapter: Connection(session-id=01f18eae-9d64-15fe-918d-6d421d3c6667) - Closing
[0m20:13:36.495597 [debug] [Thread-6 (]: Sending event: {'category': 'dbt', 'action': 'run_model', 'label': '3489f15e-4fc7-4cc8-ab32-7e6139b27c13', 'context': [<snowplow_tracker.self_describing_json.SelfDescribingJson object at 0x7eab1dc08850>]}
[0m20:13:36.497352 [info ] [Thread-6 (]: 4 of 6 OK created sql incremental model silver_technical.orders_t .............. [[32mOK[0m in 13.31s]
[0m20:13:36.498840 [debug] [Thread-6 (]: Finished running node model.walmart_dbt_project.orders_t
[0m20:13:36.500736 [debug] [Thread-6 (]: Began running node model.walmart_dbt_project.products_t
[0m20:13:36.501988 [info ] [Thread-6 (]: 5 of 6 START sql incremental model silver_technical.products_t ................. [RUN]
[0m20:13:36.503509 [debug] [Thread-6 (]: Databricks adapter: DatabricksDBTConnection(session-id=None, name=model.walmart_dbt_project.products_t) - Creating connection
[0m20:13:36.504599 [debug] [Thread-6 (]: Acquiring new databricks connection 'model.walmart_dbt_project.products_t'
[0m20:13:36.505582 [debug] [Thread-6 (]: Began compiling node model.walmart_dbt_project.products_t
[0m20:13:36.510631 [debug] [Thread-6 (]: Writing injected SQL for node "model.walmart_dbt_project.products_t"
[0m20:13:36.528313 [debug] [Thread-6 (]: Began executing node model.walmart_dbt_project.products_t
[0m20:13:36.530447 [debug] [Thread-6 (]: MATERIALIZING INCREMENTAL
[0m20:13:36.534602 [debug] [Thread-6 (]: Using databricks connection "model.walmart_dbt_project.products_t"
[0m20:13:36.535708 [debug] [Thread-6 (]: On model.walmart_dbt_project.products_t: /* {"app": "dbt", "dbt_version": "1.12.0", "dbt_databricks_version": "1.12.3", "databricks_sql_connector_version": "4.3.0", "profile_name": "walmart_dbt_project", "target_name": "dev", "invocation_id": "3489f15e-4fc7-4cc8-ab32-7e6139b27c13", "node_id": "model.walmart_dbt_project.products_t"} */
SELECT column_name
  FROM `walmart`.`information_schema`.`columns`
  WHERE table_catalog = 'walmart' 
    AND table_schema = 'silver_technical'
    AND table_name = 'products_t'
    AND is_nullable = 'NO';
  
[0m20:13:36.536677 [debug] [Thread-6 (]: Opening a new connection, currently in state init
[0m20:13:37.755325 [debug] [Thread-6 (]: Databricks adapter: Connection(session-id=01f18eae-a54f-1e8d-847d-facbd6d82fab) - Created
[0m20:13:38.419397 [debug] [Thread-6 (]: SQL status: OK in 1.880 seconds
[0m20:13:38.422034 [debug] [Thread-6 (]: Databricks adapter: Cursor(session-id=01f18eae-a54f-1e8d-847d-facbd6d82fab, command-id=01f18eae-a582-1393-abf6-102bfa5f7b70) - Closing
[0m20:13:38.423794 [debug] [Thread-6 (]: Using databricks connection "model.walmart_dbt_project.products_t"
[0m20:13:38.425208 [debug] [Thread-6 (]: On model.walmart_dbt_project.products_t: /* {"app": "dbt", "dbt_version": "1.12.0", "dbt_databricks_version": "1.12.3", "databricks_sql_connector_version": "4.3.0", "profile_name": "walmart_dbt_project", "target_name": "dev", "invocation_id": "3489f15e-4fc7-4cc8-ab32-7e6139b27c13", "node_id": "model.walmart_dbt_project.products_t"} */
SELECT kcu.constraint_name, kcu.column_name
  FROM `walmart`.information_schema.key_column_usage kcu
  WHERE kcu.table_catalog = 'walmart' 
    AND kcu.table_schema = 'silver_technical'
    AND kcu.table_name = 'products_t' 
    AND kcu.constraint_name = (
      SELECT constraint_name
      FROM `walmart`.information_schema.table_constraints
      WHERE table_catalog = 'walmart'
        AND table_schema = 'silver_technical'
        AND table_name = 'products_t' 
        AND constraint_type = 'PRIMARY KEY'
    )
  ORDER BY kcu.ordinal_position;
  
[0m20:13:39.794932 [debug] [Thread-6 (]: SQL status: OK in 1.370 seconds
[0m20:13:39.797711 [debug] [Thread-6 (]: Databricks adapter: Cursor(session-id=01f18eae-a54f-1e8d-847d-facbd6d82fab, command-id=01f18eae-a635-1d7d-9440-4af91cb6fe45) - Closing
[0m20:13:39.800484 [debug] [Thread-6 (]: Using databricks connection "model.walmart_dbt_project.products_t"
[0m20:13:39.801436 [debug] [Thread-6 (]: On model.walmart_dbt_project.products_t: /* {"app": "dbt", "dbt_version": "1.12.0", "dbt_databricks_version": "1.12.3", "databricks_sql_connector_version": "4.3.0", "profile_name": "walmart_dbt_project", "target_name": "dev", "invocation_id": "3489f15e-4fc7-4cc8-ab32-7e6139b27c13", "node_id": "model.walmart_dbt_project.products_t"} */
SELECT
    kcu.constraint_name,
    kcu.column_name AS from_column,
    ukcu.table_catalog AS to_catalog,
    ukcu.table_schema AS to_schema,
    ukcu.table_name AS to_table,
    ukcu.column_name AS to_column
  FROM `walmart`.information_schema.key_column_usage kcu
  JOIN `walmart`.information_schema.referential_constraints rc
    ON kcu.constraint_name = rc.constraint_name
  JOIN `walmart`.information_schema.key_column_usage ukcu
    ON rc.unique_constraint_name = ukcu.constraint_name
    AND kcu.ordinal_position = ukcu.ordinal_position
  WHERE kcu.table_catalog = 'walmart'
    AND kcu.table_schema = 'silver_technical'
    AND kcu.table_name = 'products_t'
    AND kcu.constraint_name IN (
      SELECT constraint_name
      FROM `walmart`.information_schema.table_constraints
      WHERE table_catalog = 'walmart'
        AND table_schema = 'silver_technical'
        AND table_name = 'products_t'
        AND constraint_type = 'FOREIGN KEY'
    )
  ORDER BY kcu.ordinal_position;
  
[0m20:13:41.210517 [debug] [Thread-6 (]: SQL status: OK in 1.410 seconds
[0m20:13:41.228844 [debug] [Thread-6 (]: Databricks adapter: Cursor(session-id=01f18eae-a54f-1e8d-847d-facbd6d82fab, command-id=01f18eae-a6bd-1b88-a648-29dcb0840433) - Closing
[0m20:13:41.232402 [debug] [Thread-6 (]: Using databricks connection "model.walmart_dbt_project.products_t"
[0m20:13:41.234125 [debug] [Thread-6 (]: On model.walmart_dbt_project.products_t: /* {"app": "dbt", "dbt_version": "1.12.0", "dbt_databricks_version": "1.12.3", "databricks_sql_connector_version": "4.3.0", "profile_name": "walmart_dbt_project", "target_name": "dev", "invocation_id": "3489f15e-4fc7-4cc8-ab32-7e6139b27c13", "node_id": "model.walmart_dbt_project.products_t"} */
SELECT 
    column_name,
    mask_name,
    using_columns
  FROM `system`.`information_schema`.`column_masks`
  WHERE table_catalog = 'walmart'
    AND table_schema = 'silver_technical'
    AND table_name = 'products_t';
  
[0m20:13:41.881831 [debug] [Thread-6 (]: SQL status: OK in 0.650 seconds
[0m20:13:41.885577 [debug] [Thread-6 (]: Databricks adapter: Cursor(session-id=01f18eae-a54f-1e8d-847d-facbd6d82fab, command-id=01f18eae-a798-117b-b4e1-5da10c12fd84) - Closing
[0m20:13:41.887633 [debug] [Thread-6 (]: Using databricks connection "model.walmart_dbt_project.products_t"
[0m20:13:41.888548 [debug] [Thread-6 (]: On model.walmart_dbt_project.products_t: /* {"app": "dbt", "dbt_version": "1.12.0", "dbt_databricks_version": "1.12.3", "databricks_sql_connector_version": "4.3.0", "profile_name": "walmart_dbt_project", "target_name": "dev", "invocation_id": "3489f15e-4fc7-4cc8-ab32-7e6139b27c13", "node_id": "model.walmart_dbt_project.products_t"} */
SELECT
    table_catalog,
    table_schema,
    table_name,
    filter_name,
    target_columns
  FROM `walmart`.`information_schema`.`row_filters`
  WHERE table_catalog = 'walmart'
    AND table_schema = 'silver_technical'
    AND table_name = 'products_t'
[0m20:13:42.619686 [debug] [Thread-6 (]: SQL status: OK in 0.730 seconds
[0m20:13:42.625515 [debug] [Thread-6 (]: Databricks adapter: Cursor(session-id=01f18eae-a54f-1e8d-847d-facbd6d82fab, command-id=01f18eae-a7fc-1659-b0af-55a75c22e737) - Closing
[0m20:13:42.627968 [debug] [Thread-6 (]: Using databricks connection "model.walmart_dbt_project.products_t"
[0m20:13:42.628741 [debug] [Thread-6 (]: On model.walmart_dbt_project.products_t: /* {"app": "dbt", "dbt_version": "1.12.0", "dbt_databricks_version": "1.12.3", "databricks_sql_connector_version": "4.3.0", "profile_name": "walmart_dbt_project", "target_name": "dev", "invocation_id": "3489f15e-4fc7-4cc8-ab32-7e6139b27c13", "node_id": "model.walmart_dbt_project.products_t"} */
SHOW TBLPROPERTIES `walmart`.`silver_technical`.`products_t`
  
[0m20:13:43.464075 [debug] [Thread-6 (]: SQL status: OK in 0.830 seconds
[0m20:13:43.472583 [debug] [Thread-6 (]: Databricks adapter: Cursor(session-id=01f18eae-a54f-1e8d-847d-facbd6d82fab, command-id=01f18eae-a86d-1498-a2ac-e490bcdb625c) - Closing
[0m20:13:43.477744 [debug] [Thread-6 (]: Using databricks connection "model.walmart_dbt_project.products_t"
[0m20:13:43.479199 [debug] [Thread-6 (]: On model.walmart_dbt_project.products_t: /* {"app": "dbt", "dbt_version": "1.12.0", "dbt_databricks_version": "1.12.3", "databricks_sql_connector_version": "4.3.0", "profile_name": "walmart_dbt_project", "target_name": "dev", "invocation_id": "3489f15e-4fc7-4cc8-ab32-7e6139b27c13", "node_id": "model.walmart_dbt_project.products_t"} */
describe extended `walmart`.`silver_technical`.`products_t`
  
[0m20:13:44.007035 [debug] [Thread-6 (]: SQL status: OK in 0.530 seconds
[0m20:13:44.012725 [debug] [Thread-6 (]: Databricks adapter: Cursor(session-id=01f18eae-a54f-1e8d-847d-facbd6d82fab, command-id=01f18eae-a8ee-1b69-a50d-43cbcb773af2) - Closing
[0m20:13:44.015603 [debug] [Thread-6 (]: Databricks adapter: Getting diff for ColumnCommentsConfig: comments={'product_id': ''} persist=False and comments={'product_id': '', 'product_name': '', 'category': '', 'brand': '', 'price': '', 'created_timestamp': '', 'updated_timestamp': '', 'is_active': '', 'processed_at': '', '': ''} persist=False
[0m20:13:44.018902 [debug] [Thread-6 (]: Using databricks connection "model.walmart_dbt_project.products_t"
[0m20:13:44.019973 [debug] [Thread-6 (]: On model.walmart_dbt_project.products_t: /* {"app": "dbt", "dbt_version": "1.12.0", "dbt_databricks_version": "1.12.3", "databricks_sql_connector_version": "4.3.0", "profile_name": "walmart_dbt_project", "target_name": "dev", "invocation_id": "3489f15e-4fc7-4cc8-ab32-7e6139b27c13", "node_id": "model.walmart_dbt_project.products_t"} */

  
    create or replace temporary view `products_t__dbt_tmp` as
      SELECT 
    *,
    current_timestamp() AS processed_at
FROM 
    `walmart`.`bronze`.`products`
 


 
    WHERE updated_timestamp > (
        SELECT COALESCE(
            MAX(updated_timestamp),
            CAST('1900-01-01' AS TIMESTAMP)
        )
        FROM `walmart`.`silver_technical`.`products_t`
    )
  
[0m20:13:44.962529 [debug] [Thread-6 (]: SQL status: OK in 0.940 seconds
[0m20:13:44.966521 [debug] [Thread-6 (]: Databricks adapter: Cursor(session-id=01f18eae-a54f-1e8d-847d-facbd6d82fab, command-id=01f18eae-a941-13b2-950d-e367dbb7e1b6) - Closing
[0m20:13:44.970545 [debug] [Thread-6 (]: Using databricks connection "model.walmart_dbt_project.products_t"
[0m20:13:44.971705 [debug] [Thread-6 (]: On model.walmart_dbt_project.products_t: /* {"app": "dbt", "dbt_version": "1.12.0", "dbt_databricks_version": "1.12.3", "databricks_sql_connector_version": "4.3.0", "profile_name": "walmart_dbt_project", "target_name": "dev", "invocation_id": "3489f15e-4fc7-4cc8-ab32-7e6139b27c13", "node_id": "model.walmart_dbt_project.products_t"} */

    
  DESCRIBE TABLE EXTENDED `walmart`.`silver_technical`.`products_t` AS JSON

  
[0m20:13:45.768587 [debug] [Thread-6 (]: SQL status: OK in 0.800 seconds
[0m20:13:45.772652 [debug] [Thread-6 (]: Databricks adapter: Cursor(session-id=01f18eae-a54f-1e8d-847d-facbd6d82fab, command-id=01f18eae-a9d1-1d82-80bb-b9809935692b) - Closing
[0m20:13:45.774958 [debug] [Thread-6 (]: Using databricks connection "model.walmart_dbt_project.products_t"
[0m20:13:45.775983 [debug] [Thread-6 (]: On model.walmart_dbt_project.products_t: /* {"app": "dbt", "dbt_version": "1.12.0", "dbt_databricks_version": "1.12.3", "databricks_sql_connector_version": "4.3.0", "profile_name": "walmart_dbt_project", "target_name": "dev", "invocation_id": "3489f15e-4fc7-4cc8-ab32-7e6139b27c13", "node_id": "model.walmart_dbt_project.products_t"} */

    
  DESCRIBE TABLE EXTENDED `products_t__dbt_tmp` AS JSON

  
[0m20:13:46.170370 [debug] [Thread-6 (]: SQL status: OK in 0.390 seconds
[0m20:13:46.172905 [debug] [Thread-6 (]: Databricks adapter: Cursor(session-id=01f18eae-a54f-1e8d-847d-facbd6d82fab, command-id=01f18eae-aa4d-1239-8d22-596315817a4f) - Closing
[0m20:13:46.179212 [debug] [Thread-6 (]: Writing runtime sql for node "model.walmart_dbt_project.products_t"
[0m20:13:46.197031 [debug] [Thread-6 (]: Using databricks connection "model.walmart_dbt_project.products_t"
[0m20:13:46.198313 [debug] [Thread-6 (]: On model.walmart_dbt_project.products_t: /* {"app": "dbt", "dbt_version": "1.12.0", "dbt_databricks_version": "1.12.3", "databricks_sql_connector_version": "4.3.0", "profile_name": "walmart_dbt_project", "target_name": "dev", "invocation_id": "3489f15e-4fc7-4cc8-ab32-7e6139b27c13", "node_id": "model.walmart_dbt_project.products_t"} */
-- back compat for old kwarg name
  
  
  
  
  
  
      
          
          
      
  

    merge
    into
        `walmart`.`silver_technical`.`products_t` as DBT_INTERNAL_DEST
    using
        `products_t__dbt_tmp` as DBT_INTERNAL_SOURCE
    on
        
              DBT_INTERNAL_SOURCE.`product_id` <=> DBT_INTERNAL_DEST.`product_id`
          
    when matched
        then update set
            *
    when not matched
        then insert
            *

[0m20:13:49.655151 [debug] [Thread-6 (]: SQL status: OK in 3.460 seconds
[0m20:13:49.661351 [debug] [Thread-6 (]: Databricks adapter: Cursor(session-id=01f18eae-a54f-1e8d-847d-facbd6d82fab, command-id=01f18eae-aa8c-1c91-9248-9bfc34de950f) - Closing
[0m20:13:49.671937 [debug] [Thread-6 (]: On model.walmart_dbt_project.products_t: Close
[0m20:13:49.676027 [debug] [Thread-6 (]: Databricks adapter: Connection(session-id=01f18eae-a54f-1e8d-847d-facbd6d82fab) - Closing
[0m20:13:50.013507 [debug] [Thread-6 (]: Sending event: {'category': 'dbt', 'action': 'run_model', 'label': '3489f15e-4fc7-4cc8-ab32-7e6139b27c13', 'context': [<snowplow_tracker.self_describing_json.SelfDescribingJson object at 0x7eab1d5754e0>]}
[0m20:13:50.016251 [info ] [Thread-6 (]: 5 of 6 OK created sql incremental model silver_technical.products_t ............ [[32mOK[0m in 13.51s]
[0m20:13:50.018161 [debug] [Thread-6 (]: Finished running node model.walmart_dbt_project.products_t
[0m20:13:50.019632 [debug] [Thread-6 (]: Began running node model.walmart_dbt_project.stores_t
[0m20:13:50.021621 [info ] [Thread-6 (]: 6 of 6 START sql incremental model silver_technical.stores_t ................... [RUN]
[0m20:13:50.024284 [debug] [Thread-6 (]: Databricks adapter: DatabricksDBTConnection(session-id=None, name=model.walmart_dbt_project.stores_t) - Creating connection
[0m20:13:50.025956 [debug] [Thread-6 (]: Acquiring new databricks connection 'model.walmart_dbt_project.stores_t'
[0m20:13:50.028224 [debug] [Thread-6 (]: Began compiling node model.walmart_dbt_project.stores_t
[0m20:13:50.039859 [debug] [Thread-6 (]: Writing injected SQL for node "model.walmart_dbt_project.stores_t"
[0m20:13:50.065657 [debug] [Thread-6 (]: Began executing node model.walmart_dbt_project.stores_t
[0m20:13:50.068139 [debug] [Thread-6 (]: MATERIALIZING INCREMENTAL
[0m20:13:50.073080 [debug] [Thread-6 (]: Using databricks connection "model.walmart_dbt_project.stores_t"
[0m20:13:50.074189 [debug] [Thread-6 (]: On model.walmart_dbt_project.stores_t: /* {"app": "dbt", "dbt_version": "1.12.0", "dbt_databricks_version": "1.12.3", "databricks_sql_connector_version": "4.3.0", "profile_name": "walmart_dbt_project", "target_name": "dev", "invocation_id": "3489f15e-4fc7-4cc8-ab32-7e6139b27c13", "node_id": "model.walmart_dbt_project.stores_t"} */
SELECT column_name
  FROM `walmart`.`information_schema`.`columns`
  WHERE table_catalog = 'walmart' 
    AND table_schema = 'silver_technical'
    AND table_name = 'stores_t'
    AND is_nullable = 'NO';
  
[0m20:13:50.075056 [debug] [Thread-6 (]: Opening a new connection, currently in state init
[0m20:13:51.336950 [debug] [Thread-6 (]: Databricks adapter: Connection(session-id=01f18eae-ad65-110d-98d8-6286fd4ac6a7) - Created
[0m20:13:52.206309 [debug] [Thread-6 (]: SQL status: OK in 2.130 seconds
[0m20:13:52.209630 [debug] [Thread-6 (]: Databricks adapter: Cursor(session-id=01f18eae-ad65-110d-98d8-6286fd4ac6a7, command-id=01f18eae-ad98-1bb6-9a1f-8cbe871b5205) - Closing
[0m20:13:52.212116 [debug] [Thread-6 (]: Using databricks connection "model.walmart_dbt_project.stores_t"
[0m20:13:52.213455 [debug] [Thread-6 (]: On model.walmart_dbt_project.stores_t: /* {"app": "dbt", "dbt_version": "1.12.0", "dbt_databricks_version": "1.12.3", "databricks_sql_connector_version": "4.3.0", "profile_name": "walmart_dbt_project", "target_name": "dev", "invocation_id": "3489f15e-4fc7-4cc8-ab32-7e6139b27c13", "node_id": "model.walmart_dbt_project.stores_t"} */
SELECT kcu.constraint_name, kcu.column_name
  FROM `walmart`.information_schema.key_column_usage kcu
  WHERE kcu.table_catalog = 'walmart' 
    AND kcu.table_schema = 'silver_technical'
    AND kcu.table_name = 'stores_t' 
    AND kcu.constraint_name = (
      SELECT constraint_name
      FROM `walmart`.information_schema.table_constraints
      WHERE table_catalog = 'walmart'
        AND table_schema = 'silver_technical'
        AND table_name = 'stores_t' 
        AND constraint_type = 'PRIMARY KEY'
    )
  ORDER BY kcu.ordinal_position;
  
[0m20:13:53.932700 [debug] [Thread-6 (]: SQL status: OK in 1.720 seconds
[0m20:13:53.935930 [debug] [Thread-6 (]: Databricks adapter: Cursor(session-id=01f18eae-ad65-110d-98d8-6286fd4ac6a7, command-id=01f18eae-ae6d-158c-a66d-8a9dc6853a97) - Closing
[0m20:13:53.939569 [debug] [Thread-6 (]: Using databricks connection "model.walmart_dbt_project.stores_t"
[0m20:13:53.940970 [debug] [Thread-6 (]: On model.walmart_dbt_project.stores_t: /* {"app": "dbt", "dbt_version": "1.12.0", "dbt_databricks_version": "1.12.3", "databricks_sql_connector_version": "4.3.0", "profile_name": "walmart_dbt_project", "target_name": "dev", "invocation_id": "3489f15e-4fc7-4cc8-ab32-7e6139b27c13", "node_id": "model.walmart_dbt_project.stores_t"} */
SELECT
    kcu.constraint_name,
    kcu.column_name AS from_column,
    ukcu.table_catalog AS to_catalog,
    ukcu.table_schema AS to_schema,
    ukcu.table_name AS to_table,
    ukcu.column_name AS to_column
  FROM `walmart`.information_schema.key_column_usage kcu
  JOIN `walmart`.information_schema.referential_constraints rc
    ON kcu.constraint_name = rc.constraint_name
  JOIN `walmart`.information_schema.key_column_usage ukcu
    ON rc.unique_constraint_name = ukcu.constraint_name
    AND kcu.ordinal_position = ukcu.ordinal_position
  WHERE kcu.table_catalog = 'walmart'
    AND kcu.table_schema = 'silver_technical'
    AND kcu.table_name = 'stores_t'
    AND kcu.constraint_name IN (
      SELECT constraint_name
      FROM `walmart`.information_schema.table_constraints
      WHERE table_catalog = 'walmart'
        AND table_schema = 'silver_technical'
        AND table_name = 'stores_t'
        AND constraint_type = 'FOREIGN KEY'
    )
  ORDER BY kcu.ordinal_position;
  
[0m20:13:55.783363 [debug] [Thread-6 (]: SQL status: OK in 1.840 seconds
[0m20:13:55.787488 [debug] [Thread-6 (]: Databricks adapter: Cursor(session-id=01f18eae-ad65-110d-98d8-6286fd4ac6a7, command-id=01f18eae-af27-11e3-b26e-61ac6d3e748c) - Closing
[0m20:13:55.789621 [debug] [Thread-6 (]: Using databricks connection "model.walmart_dbt_project.stores_t"
[0m20:13:55.790949 [debug] [Thread-6 (]: On model.walmart_dbt_project.stores_t: /* {"app": "dbt", "dbt_version": "1.12.0", "dbt_databricks_version": "1.12.3", "databricks_sql_connector_version": "4.3.0", "profile_name": "walmart_dbt_project", "target_name": "dev", "invocation_id": "3489f15e-4fc7-4cc8-ab32-7e6139b27c13", "node_id": "model.walmart_dbt_project.stores_t"} */
SELECT 
    column_name,
    mask_name,
    using_columns
  FROM `system`.`information_schema`.`column_masks`
  WHERE table_catalog = 'walmart'
    AND table_schema = 'silver_technical'
    AND table_name = 'stores_t';
  
[0m20:13:56.332154 [debug] [Thread-6 (]: SQL status: OK in 0.540 seconds
[0m20:13:56.335270 [debug] [Thread-6 (]: Databricks adapter: Cursor(session-id=01f18eae-ad65-110d-98d8-6286fd4ac6a7, command-id=01f18eae-b03b-1cb2-8c97-a67c2abc8343) - Closing
[0m20:13:56.337346 [debug] [Thread-6 (]: Using databricks connection "model.walmart_dbt_project.stores_t"
[0m20:13:56.339289 [debug] [Thread-6 (]: On model.walmart_dbt_project.stores_t: /* {"app": "dbt", "dbt_version": "1.12.0", "dbt_databricks_version": "1.12.3", "databricks_sql_connector_version": "4.3.0", "profile_name": "walmart_dbt_project", "target_name": "dev", "invocation_id": "3489f15e-4fc7-4cc8-ab32-7e6139b27c13", "node_id": "model.walmart_dbt_project.stores_t"} */
SELECT
    table_catalog,
    table_schema,
    table_name,
    filter_name,
    target_columns
  FROM `walmart`.`information_schema`.`row_filters`
  WHERE table_catalog = 'walmart'
    AND table_schema = 'silver_technical'
    AND table_name = 'stores_t'
[0m20:13:57.106684 [debug] [Thread-6 (]: SQL status: OK in 0.770 seconds
[0m20:13:57.112363 [debug] [Thread-6 (]: Databricks adapter: Cursor(session-id=01f18eae-ad65-110d-98d8-6286fd4ac6a7, command-id=01f18eae-b08e-1ba0-ae21-bb5f783cf48e) - Closing
[0m20:13:57.115861 [debug] [Thread-6 (]: Using databricks connection "model.walmart_dbt_project.stores_t"
[0m20:13:57.117579 [debug] [Thread-6 (]: On model.walmart_dbt_project.stores_t: /* {"app": "dbt", "dbt_version": "1.12.0", "dbt_databricks_version": "1.12.3", "databricks_sql_connector_version": "4.3.0", "profile_name": "walmart_dbt_project", "target_name": "dev", "invocation_id": "3489f15e-4fc7-4cc8-ab32-7e6139b27c13", "node_id": "model.walmart_dbt_project.stores_t"} */
SHOW TBLPROPERTIES `walmart`.`silver_technical`.`stores_t`
  
[0m20:13:57.982266 [debug] [Thread-6 (]: SQL status: OK in 0.860 seconds
[0m20:13:57.987224 [debug] [Thread-6 (]: Databricks adapter: Cursor(session-id=01f18eae-ad65-110d-98d8-6286fd4ac6a7, command-id=01f18eae-b104-1a6a-b081-76059a6abb64) - Closing
[0m20:13:57.989330 [debug] [Thread-6 (]: Using databricks connection "model.walmart_dbt_project.stores_t"
[0m20:13:57.990755 [debug] [Thread-6 (]: On model.walmart_dbt_project.stores_t: /* {"app": "dbt", "dbt_version": "1.12.0", "dbt_databricks_version": "1.12.3", "databricks_sql_connector_version": "4.3.0", "profile_name": "walmart_dbt_project", "target_name": "dev", "invocation_id": "3489f15e-4fc7-4cc8-ab32-7e6139b27c13", "node_id": "model.walmart_dbt_project.stores_t"} */
describe extended `walmart`.`silver_technical`.`stores_t`
  
[0m20:13:58.502873 [debug] [Thread-6 (]: SQL status: OK in 0.510 seconds
[0m20:13:58.506258 [debug] [Thread-6 (]: Databricks adapter: Cursor(session-id=01f18eae-ad65-110d-98d8-6286fd4ac6a7, command-id=01f18eae-b188-1554-bb1b-72fa8cce6e27) - Closing
[0m20:13:58.507688 [debug] [Thread-6 (]: Databricks adapter: Getting diff for ColumnCommentsConfig: comments={} persist=False and comments={'store_id': '', 'store_name': '', 'city': '', 'province': '', 'country': '', 'created_timestamp': '', 'updated_timestamp': '', 'is_active': '', 'processed_at': '', '': ''} persist=False
[0m20:13:58.510395 [debug] [Thread-6 (]: Using databricks connection "model.walmart_dbt_project.stores_t"
[0m20:13:58.511795 [debug] [Thread-6 (]: On model.walmart_dbt_project.stores_t: /* {"app": "dbt", "dbt_version": "1.12.0", "dbt_databricks_version": "1.12.3", "databricks_sql_connector_version": "4.3.0", "profile_name": "walmart_dbt_project", "target_name": "dev", "invocation_id": "3489f15e-4fc7-4cc8-ab32-7e6139b27c13", "node_id": "model.walmart_dbt_project.stores_t"} */

  
    create or replace temporary view `stores_t__dbt_tmp` as
      SELECT 
    *,
    current_timestamp() AS processed_at
FROM 
    `walmart`.`bronze`.`stores`
 


 
    WHERE updated_timestamp > (
        SELECT COALESCE(
            MAX(updated_timestamp),
            CAST('1900-01-01' AS TIMESTAMP)
        )
        FROM `walmart`.`silver_technical`.`stores_t`
    )
  
[0m20:13:59.294370 [debug] [Thread-6 (]: SQL status: OK in 0.780 seconds
[0m20:13:59.298351 [debug] [Thread-6 (]: Databricks adapter: Cursor(session-id=01f18eae-ad65-110d-98d8-6286fd4ac6a7, command-id=01f18eae-b1d6-1d1c-afaf-2c0b5b196463) - Closing
[0m20:13:59.303197 [debug] [Thread-6 (]: Using databricks connection "model.walmart_dbt_project.stores_t"
[0m20:13:59.306228 [debug] [Thread-6 (]: On model.walmart_dbt_project.stores_t: /* {"app": "dbt", "dbt_version": "1.12.0", "dbt_databricks_version": "1.12.3", "databricks_sql_connector_version": "4.3.0", "profile_name": "walmart_dbt_project", "target_name": "dev", "invocation_id": "3489f15e-4fc7-4cc8-ab32-7e6139b27c13", "node_id": "model.walmart_dbt_project.stores_t"} */

    
  DESCRIBE TABLE EXTENDED `walmart`.`silver_technical`.`stores_t` AS JSON

  
[0m20:13:59.928344 [debug] [Thread-6 (]: SQL status: OK in 0.620 seconds
[0m20:13:59.932450 [debug] [Thread-6 (]: Databricks adapter: Cursor(session-id=01f18eae-ad65-110d-98d8-6286fd4ac6a7, command-id=01f18eae-b24f-1a92-bb40-8f2ba390b6dd) - Closing
[0m20:13:59.934283 [debug] [Thread-6 (]: Using databricks connection "model.walmart_dbt_project.stores_t"
[0m20:13:59.935194 [debug] [Thread-6 (]: On model.walmart_dbt_project.stores_t: /* {"app": "dbt", "dbt_version": "1.12.0", "dbt_databricks_version": "1.12.3", "databricks_sql_connector_version": "4.3.0", "profile_name": "walmart_dbt_project", "target_name": "dev", "invocation_id": "3489f15e-4fc7-4cc8-ab32-7e6139b27c13", "node_id": "model.walmart_dbt_project.stores_t"} */

    
  DESCRIBE TABLE EXTENDED `stores_t__dbt_tmp` AS JSON

  
[0m20:14:00.362742 [debug] [Thread-6 (]: SQL status: OK in 0.430 seconds
[0m20:14:00.367569 [debug] [Thread-6 (]: Databricks adapter: Cursor(session-id=01f18eae-ad65-110d-98d8-6286fd4ac6a7, command-id=01f18eae-b2ae-1511-9a50-216012299eb0) - Closing
[0m20:14:00.369977 [debug] [Thread-6 (]: Writing runtime sql for node "model.walmart_dbt_project.stores_t"
[0m20:14:00.389099 [debug] [Thread-6 (]: Using databricks connection "model.walmart_dbt_project.stores_t"
[0m20:14:00.390421 [debug] [Thread-6 (]: On model.walmart_dbt_project.stores_t: /* {"app": "dbt", "dbt_version": "1.12.0", "dbt_databricks_version": "1.12.3", "databricks_sql_connector_version": "4.3.0", "profile_name": "walmart_dbt_project", "target_name": "dev", "invocation_id": "3489f15e-4fc7-4cc8-ab32-7e6139b27c13", "node_id": "model.walmart_dbt_project.stores_t"} */
-- back compat for old kwarg name
  
  
  
  
  
  
      
          
          
      
  

    merge
    into
        `walmart`.`silver_technical`.`stores_t` as DBT_INTERNAL_DEST
    using
        `stores_t__dbt_tmp` as DBT_INTERNAL_SOURCE
    on
        
              DBT_INTERNAL_SOURCE.`store_id` <=> DBT_INTERNAL_DEST.`store_id`
          
    when matched
        then update set
            *
    when not matched
        then insert
            *

[0m20:14:04.256895 [debug] [Thread-6 (]: SQL status: OK in 3.870 seconds
[0m20:14:04.259473 [debug] [Thread-6 (]: Databricks adapter: Cursor(session-id=01f18eae-ad65-110d-98d8-6286fd4ac6a7, command-id=01f18eae-b2f3-1073-81af-481bd511e146) - Closing
[0m20:14:04.263735 [debug] [Thread-6 (]: On model.walmart_dbt_project.stores_t: Close
[0m20:14:04.265192 [debug] [Thread-6 (]: Databricks adapter: Connection(session-id=01f18eae-ad65-110d-98d8-6286fd4ac6a7) - Closing
[0m20:14:04.609847 [debug] [Thread-6 (]: Sending event: {'category': 'dbt', 'action': 'run_model', 'label': '3489f15e-4fc7-4cc8-ab32-7e6139b27c13', 'context': [<snowplow_tracker.self_describing_json.SelfDescribingJson object at 0x7eab1d4c7f50>]}
[0m20:14:04.613129 [info ] [Thread-6 (]: 6 of 6 OK created sql incremental model silver_technical.stores_t .............. [[32mOK[0m in 14.59s]
[0m20:14:04.616139 [debug] [Thread-6 (]: Finished running node model.walmart_dbt_project.stores_t
[0m20:14:04.623489 [debug] [MainThread]: Databricks adapter: DatabricksDBTConnection(session-id=None, name=master) - Creating connection
[0m20:14:04.624829 [debug] [MainThread]: Acquiring new databricks connection 'master'
[0m20:14:04.627892 [info ] [MainThread]: 
[0m20:14:04.630158 [info ] [MainThread]: Finished running 6 incremental models in 0 hours 2 minutes and 9.17 seconds (129.17s).
[0m20:14:04.633280 [debug] [MainThread]: Command end result
[0m20:14:04.846013 [debug] [MainThread]: Wrote artifact WritableManifest to /opt/airflow/walmart_dbt_project/target/manifest.json
[0m20:14:04.858757 [debug] [MainThread]: Wrote artifact SemanticManifest to /opt/airflow/walmart_dbt_project/target/semantic_manifest.json
[0m20:14:04.871727 [debug] [MainThread]: Wrote artifact OsiDocument to /opt/airflow/walmart_dbt_project/target/osi_document.json
[0m20:14:04.894829 [debug] [MainThread]: Wrote artifact RunExecutionResult to /opt/airflow/walmart_dbt_project/target/run_results.json
[0m20:14:04.895832 [info ] [MainThread]: 
[0m20:14:04.897126 [info ] [MainThread]: [32mCompleted successfully[0m
[0m20:14:04.898914 [info ] [MainThread]: 
[0m20:14:04.900936 [info ] [MainThread]: Done. PASS=6 WARN=0 ERROR=0 SKIP=0 NO-OP=0 REUSED=0 TOTAL=6
[0m20:14:04.908641 [debug] [MainThread]: Resource report: {"command_name": "run", "command_success": true, "command_wall_clock_time": 134.83154, "process_in_blocks": "0", "process_kernel_time": 1.075275, "process_mem_max_rss": "302256", "process_out_blocks": "0", "process_user_time": 11.747784}
[0m20:14:04.910391 [debug] [MainThread]: Command `dbt run` succeeded at 20:14:04.910043 after 134.84 seconds
[0m20:14:04.911977 [debug] [MainThread]: Sending event: {'category': 'dbt', 'action': 'invocation', 'label': 'end', 'context': [<snowplow_tracker.self_describing_json.SelfDescribingJson object at 0x7eab1dc5a630>, <snowplow_tracker.self_describing_json.SelfDescribingJson object at 0x7eab5815f770>, <snowplow_tracker.self_describing_json.SelfDescribingJson object at 0x7eab1d4c7f50>]}
[0m20:14:04.913631 [debug] [MainThread]: Flushing usage events
[0m20:14:07.729658 [debug] [MainThread]: An error was encountered while trying to flush usage events
[0m20:14:13.569741 [debug] [MainThread]: Sending event: {'category': 'dbt', 'action': 'invocation', 'label': 'start', 'context': [<snowplow_tracker.self_describing_json.SelfDescribingJson object at 0x7c7aaa320590>, <snowplow_tracker.self_describing_json.SelfDescribingJson object at 0x7c7aad1e8f50>, <snowplow_tracker.self_describing_json.SelfDescribingJson object at 0x7c7aa902bd90>]}


============================== 20:14:13.575318 | 9cd0d6ab-f951-49be-98ba-048eac60d231 ==============================
[0m20:14:13.575318 [info ] [MainThread]: Running with dbt=1.12.0
[0m20:14:13.576884 [debug] [MainThread]: running dbt with arguments {'no_print': 'None', 'log_format': 'default', 'invocation_command': 'dbt test --select silver_technical', 'version_check': 'True', 'empty': 'None', 'partial_parse': 'True', 'warn_error': 'None', 'hints_enabled': 'True', 'fail_fast': 'False', 'use_colors': 'True', 'indirect_selection': 'eager', 'introspect': 'True', 'printer_width': '80', 'quiet': 'False', 'send_anonymous_usage_stats': 'True', 'write_json': 'True', 'target_path': 'None', 'cache_selected_only': 'False', 'log_path': '/opt/airflow/walmart_dbt_project/logs', 'log_cache_events': 'False', 'maximum_seed_size_mib': '1', 'use_experimental_parser': 'False', 'profiles_dir': '/opt/airflow/walmart_dbt_project', 'debug': 'False', 'static_parser': 'True', 'warn_error_options': 'WarnErrorOptionsV2(error=[], warn=[], silence=[])'}
[0m20:14:14.776764 [debug] [MainThread]: Spark adapter: Setting pyhive.hive logging to ERROR
[0m20:14:14.778222 [debug] [MainThread]: Spark adapter: Setting thrift.transport logging to ERROR
[0m20:14:14.779316 [debug] [MainThread]: Spark adapter: Setting thrift.protocol logging to ERROR
[0m20:14:15.803024 [debug] [MainThread]: Sending event: {'category': 'dbt', 'action': 'project_id', 'label': '9cd0d6ab-f951-49be-98ba-048eac60d231', 'context': [<snowplow_tracker.self_describing_json.SelfDescribingJson object at 0x7c7aaa101810>]}
[0m20:14:15.901732 [debug] [MainThread]: Sending event: {'category': 'dbt', 'action': 'adapter_info', 'label': '9cd0d6ab-f951-49be-98ba-048eac60d231', 'context': [<snowplow_tracker.self_describing_json.SelfDescribingJson object at 0x7c7a6ed557b0>]}
[0m20:14:15.903970 [info ] [MainThread]: Registered adapter: databricks=1.12.3
[0m20:14:16.101837 [debug] [MainThread]: checksum: 2cc2bfe6655d8990decf4293b303320fbf01ae4fb602131a9ec6ff506b2e8850, vars: {}, profile: walmart_dbt_project, target: dev, version: 1.12.0
[0m20:14:17.861003 [debug] [MainThread]: Partial parsing enabled: 0 files deleted, 0 files added, 0 files changed.
[0m20:14:17.862458 [debug] [MainThread]: Nothing changed, skipping partial parsing.
[0m20:14:17.863807 [debug] [MainThread]: Partial parsing enabled, no changes found, skipping parsing
[0m20:14:17.887631 [debug] [MainThread]: Sending event: {'category': 'dbt', 'action': 'load_project', 'label': '9cd0d6ab-f951-49be-98ba-048eac60d231', 'context': [<snowplow_tracker.self_describing_json.SelfDescribingJson object at 0x7c7a6e461950>]}
[0m20:14:18.296330 [debug] [MainThread]: Wrote artifact WritableManifest to /opt/airflow/walmart_dbt_project/target/manifest.json
[0m20:14:18.308143 [debug] [MainThread]: Wrote artifact SemanticManifest to /opt/airflow/walmart_dbt_project/target/semantic_manifest.json
[0m20:14:18.339088 [debug] [MainThread]: Wrote artifact OsiDocument to /opt/airflow/walmart_dbt_project/target/osi_document.json
[0m20:14:18.441091 [debug] [MainThread]: Sending event: {'category': 'dbt', 'action': 'resource_counts', 'label': '9cd0d6ab-f951-49be-98ba-048eac60d231', 'context': [<snowplow_tracker.self_describing_json.SelfDescribingJson object at 0x7c7a6e38d9a0>]}
[0m20:14:18.442838 [info ] [MainThread]: Found 14 models, 1 analysis, 5 data tests, 5 snapshots, 6 sources, 774 macros
[0m20:14:18.444180 [debug] [MainThread]: Sending event: {'category': 'dbt', 'action': 'runnable_timing', 'label': '9cd0d6ab-f951-49be-98ba-048eac60d231', 'context': [<snowplow_tracker.self_describing_json.SelfDescribingJson object at 0x7c7a6e753e70>]}
[0m20:14:18.447783 [info ] [MainThread]: 
[0m20:14:18.450184 [info ] [MainThread]: Concurrency: 1 threads (target='dev')
[0m20:14:18.452359 [info ] [MainThread]: 
[0m20:14:18.454205 [debug] [MainThread]: Databricks adapter: DatabricksDBTConnection(session-id=None, name=master) - Creating connection
[0m20:14:18.455551 [debug] [MainThread]: Acquiring new databricks connection 'master'
[0m20:14:18.468663 [debug] [ThreadPool]: Databricks adapter: DatabricksDBTConnection(session-id=None, name=list_walmart_dbt_schema) - Creating connection
[0m20:14:18.470453 [debug] [ThreadPool]: Acquiring new databricks connection 'list_walmart_dbt_schema'
[0m20:14:18.496005 [debug] [ThreadPool]: Using databricks connection "list_walmart_dbt_schema"
[0m20:14:18.497477 [debug] [ThreadPool]: On list_walmart_dbt_schema: /* {"app": "dbt", "dbt_version": "1.12.0", "dbt_databricks_version": "1.12.3", "databricks_sql_connector_version": "4.3.0", "profile_name": "walmart_dbt_project", "target_name": "dev", "invocation_id": "9cd0d6ab-f951-49be-98ba-048eac60d231", "connection_name": "list_walmart_dbt_schema"} */

    
SELECT
  table_name,
  if(table_type IN ('EXTERNAL', 'MANAGED', 'MANAGED_SHALLOW_CLONE', 'EXTERNAL_SHALLOW_CLONE'), 'table', lower(table_type)) AS table_type,
  lower(data_source_format) AS file_format,
  table_owner,
  if(
    table_type IN (
      'EXTERNAL',
      'MANAGED',
      'MANAGED_SHALLOW_CLONE',
      'EXTERNAL_SHALLOW_CLONE'
    ),
    lower(table_type),
    NULL
  ) AS databricks_table_type
FROM `system`.`information_schema`.`tables`
WHERE table_catalog = 'walmart'
  AND table_schema = 'dbt_schema'

  
[0m20:14:18.498926 [debug] [ThreadPool]: Opening a new connection, currently in state init
[0m20:14:23.092787 [debug] [ThreadPool]: Databricks adapter: Connection(session-id=01f18eae-bfbd-17f8-b248-354d60547018) - Created
[0m20:14:23.859935 [debug] [ThreadPool]: SQL status: OK in 5.360 seconds
[0m20:14:23.867126 [debug] [ThreadPool]: Databricks adapter: Cursor(session-id=01f18eae-bfbd-17f8-b248-354d60547018, command-id=01f18eae-c08f-1e0b-bf77-ade878412b83) - Closing
[0m20:14:23.869943 [debug] [ThreadPool]: On list_walmart_dbt_schema: Close
[0m20:14:23.871296 [debug] [ThreadPool]: Databricks adapter: Connection(session-id=01f18eae-bfbd-17f8-b248-354d60547018) - Closing
[0m20:14:24.208711 [debug] [ThreadPool]: Databricks adapter: DatabricksDBTConnection(session-id=None, name=list_walmart_silver_technical) - Creating connection
[0m20:14:24.210522 [debug] [ThreadPool]: Acquiring new databricks connection 'list_walmart_silver_technical'
[0m20:14:24.212372 [debug] [ThreadPool]: Using databricks connection "list_walmart_silver_technical"
[0m20:14:24.213314 [debug] [ThreadPool]: On list_walmart_silver_technical: /* {"app": "dbt", "dbt_version": "1.12.0", "dbt_databricks_version": "1.12.3", "databricks_sql_connector_version": "4.3.0", "profile_name": "walmart_dbt_project", "target_name": "dev", "invocation_id": "9cd0d6ab-f951-49be-98ba-048eac60d231", "connection_name": "list_walmart_silver_technical"} */

    
SELECT
  table_name,
  if(table_type IN ('EXTERNAL', 'MANAGED', 'MANAGED_SHALLOW_CLONE', 'EXTERNAL_SHALLOW_CLONE'), 'table', lower(table_type)) AS table_type,
  lower(data_source_format) AS file_format,
  table_owner,
  if(
    table_type IN (
      'EXTERNAL',
      'MANAGED',
      'MANAGED_SHALLOW_CLONE',
      'EXTERNAL_SHALLOW_CLONE'
    ),
    lower(table_type),
    NULL
  ) AS databricks_table_type
FROM `system`.`information_schema`.`tables`
WHERE table_catalog = 'walmart'
  AND table_schema = 'silver_technical'

  
[0m20:14:24.214260 [debug] [ThreadPool]: Opening a new connection, currently in state init
[0m20:14:25.585874 [debug] [ThreadPool]: Databricks adapter: Connection(session-id=01f18eae-c1d3-1cbe-a322-bea72fbe2ba0) - Created
[0m20:14:26.549486 [debug] [ThreadPool]: SQL status: OK in 2.340 seconds
[0m20:14:26.555683 [debug] [ThreadPool]: Databricks adapter: Cursor(session-id=01f18eae-c1d3-1cbe-a322-bea72fbe2ba0, command-id=01f18eae-c209-1181-98ba-a948ec4b20ef) - Closing
[0m20:14:26.557800 [debug] [ThreadPool]: On list_walmart_silver_technical: Close
[0m20:14:26.559182 [debug] [ThreadPool]: Databricks adapter: Connection(session-id=01f18eae-c1d3-1cbe-a322-bea72fbe2ba0) - Closing
[0m20:14:26.889658 [debug] [ThreadPool]: Databricks adapter: DatabricksDBTConnection(session-id=None, name=list_walmart_gold) - Creating connection
[0m20:14:26.891234 [debug] [ThreadPool]: Acquiring new databricks connection 'list_walmart_gold'
[0m20:14:26.897738 [debug] [ThreadPool]: Using databricks connection "list_walmart_gold"
[0m20:14:26.898817 [debug] [ThreadPool]: On list_walmart_gold: /* {"app": "dbt", "dbt_version": "1.12.0", "dbt_databricks_version": "1.12.3", "databricks_sql_connector_version": "4.3.0", "profile_name": "walmart_dbt_project", "target_name": "dev", "invocation_id": "9cd0d6ab-f951-49be-98ba-048eac60d231", "connection_name": "list_walmart_gold"} */

    
SELECT
  table_name,
  if(table_type IN ('EXTERNAL', 'MANAGED', 'MANAGED_SHALLOW_CLONE', 'EXTERNAL_SHALLOW_CLONE'), 'table', lower(table_type)) AS table_type,
  lower(data_source_format) AS file_format,
  table_owner,
  if(
    table_type IN (
      'EXTERNAL',
      'MANAGED',
      'MANAGED_SHALLOW_CLONE',
      'EXTERNAL_SHALLOW_CLONE'
    ),
    lower(table_type),
    NULL
  ) AS databricks_table_type
FROM `system`.`information_schema`.`tables`
WHERE table_catalog = 'walmart'
  AND table_schema = 'gold'

  
[0m20:14:26.899891 [debug] [ThreadPool]: Opening a new connection, currently in state init
[0m20:14:29.013139 [debug] [ThreadPool]: Databricks adapter: Connection(session-id=01f18eae-c3de-1f09-94fd-2b00fb182e20) - Created
[0m20:14:29.570351 [debug] [ThreadPool]: SQL status: OK in 2.670 seconds
[0m20:14:29.592275 [debug] [ThreadPool]: Databricks adapter: Cursor(session-id=01f18eae-c3de-1f09-94fd-2b00fb182e20, command-id=01f18eae-c40e-1fa9-8f3e-a38ecc8ffc71) - Closing
[0m20:14:29.599742 [debug] [ThreadPool]: On list_walmart_gold: Close
[0m20:14:29.602743 [debug] [ThreadPool]: Databricks adapter: Connection(session-id=01f18eae-c3de-1f09-94fd-2b00fb182e20) - Closing
[0m20:14:29.922162 [debug] [ThreadPool]: Databricks adapter: DatabricksDBTConnection(session-id=None, name=list_walmart_silver_business) - Creating connection
[0m20:14:29.924317 [debug] [ThreadPool]: Acquiring new databricks connection 'list_walmart_silver_business'
[0m20:14:29.926027 [debug] [ThreadPool]: Using databricks connection "list_walmart_silver_business"
[0m20:14:29.926908 [debug] [ThreadPool]: On list_walmart_silver_business: /* {"app": "dbt", "dbt_version": "1.12.0", "dbt_databricks_version": "1.12.3", "databricks_sql_connector_version": "4.3.0", "profile_name": "walmart_dbt_project", "target_name": "dev", "invocation_id": "9cd0d6ab-f951-49be-98ba-048eac60d231", "connection_name": "list_walmart_silver_business"} */

    
SELECT
  table_name,
  if(table_type IN ('EXTERNAL', 'MANAGED', 'MANAGED_SHALLOW_CLONE', 'EXTERNAL_SHALLOW_CLONE'), 'table', lower(table_type)) AS table_type,
  lower(data_source_format) AS file_format,
  table_owner,
  if(
    table_type IN (
      'EXTERNAL',
      'MANAGED',
      'MANAGED_SHALLOW_CLONE',
      'EXTERNAL_SHALLOW_CLONE'
    ),
    lower(table_type),
    NULL
  ) AS databricks_table_type
FROM `system`.`information_schema`.`tables`
WHERE table_catalog = 'walmart'
  AND table_schema = 'silver_business'

  
[0m20:14:29.927975 [debug] [ThreadPool]: Opening a new connection, currently in state init
[0m20:14:31.873691 [debug] [ThreadPool]: Databricks adapter: Connection(session-id=01f18eae-c58b-1a92-b718-095620bd3362) - Created
[0m20:14:32.558549 [debug] [ThreadPool]: SQL status: OK in 2.630 seconds
[0m20:14:32.564392 [debug] [ThreadPool]: Databricks adapter: Cursor(session-id=01f18eae-c58b-1a92-b718-095620bd3362, command-id=01f18eae-c5c0-1a41-8332-356772218990) - Closing
[0m20:14:32.566422 [debug] [ThreadPool]: On list_walmart_silver_business: Close
[0m20:14:32.567550 [debug] [ThreadPool]: Databricks adapter: Connection(session-id=01f18eae-c58b-1a92-b718-095620bd3362) - Closing
[0m20:14:32.903501 [debug] [MainThread]: Sending event: {'category': 'dbt', 'action': 'runnable_timing', 'label': '9cd0d6ab-f951-49be-98ba-048eac60d231', 'context': [<snowplow_tracker.self_describing_json.SelfDescribingJson object at 0x7c7a6e3dcef0>]}
[0m20:14:32.913543 [debug] [Thread-5 (]: Began running node test.walmart_dbt_project.not_null_orders_t_order_id.b12105be37
[0m20:14:32.914863 [info ] [Thread-5 (]: 1 of 4 START test not_null_orders_t_order_id ................................... [RUN]
[0m20:14:32.916748 [debug] [Thread-5 (]: Databricks adapter: DatabricksDBTConnection(session-id=None, name=test.walmart_dbt_project.not_null_orders_t_order_id.b12105be37) - Creating connection
[0m20:14:32.917947 [debug] [Thread-5 (]: Acquiring new databricks connection 'test.walmart_dbt_project.not_null_orders_t_order_id.b12105be37'
[0m20:14:32.919315 [debug] [Thread-5 (]: Began compiling node test.walmart_dbt_project.not_null_orders_t_order_id.b12105be37
[0m20:14:32.970042 [debug] [Thread-5 (]: Writing injected SQL for node "test.walmart_dbt_project.not_null_orders_t_order_id.b12105be37"
[0m20:14:32.998849 [debug] [Thread-5 (]: Began executing node test.walmart_dbt_project.not_null_orders_t_order_id.b12105be37
[0m20:14:33.033407 [debug] [Thread-5 (]: Writing runtime sql for node "test.walmart_dbt_project.not_null_orders_t_order_id.b12105be37"
[0m20:14:33.102509 [debug] [Thread-5 (]: Using databricks connection "test.walmart_dbt_project.not_null_orders_t_order_id.b12105be37"
[0m20:14:33.104448 [debug] [Thread-5 (]: On test.walmart_dbt_project.not_null_orders_t_order_id.b12105be37: /* {"app": "dbt", "dbt_version": "1.12.0", "dbt_databricks_version": "1.12.3", "databricks_sql_connector_version": "4.3.0", "profile_name": "walmart_dbt_project", "target_name": "dev", "invocation_id": "9cd0d6ab-f951-49be-98ba-048eac60d231", "node_id": "test.walmart_dbt_project.not_null_orders_t_order_id.b12105be37"} */

    
    select
      count(*) as failures,
      count(*) != 0 as should_warn,
      count(*) != 0 as should_error
    from (
      
    
  
    
    



select order_id
from `walmart`.`silver_technical`.`orders_t`
where order_id is null



  
  
      
    ) dbt_internal_test
[0m20:14:33.105615 [debug] [Thread-5 (]: Opening a new connection, currently in state init
[0m20:14:34.369513 [debug] [Thread-5 (]: Databricks adapter: Connection(session-id=01f18eae-c707-1691-adf0-5a121617615c) - Created
[0m20:14:35.464755 [debug] [Thread-5 (]: SQL status: OK in 2.360 seconds
[0m20:14:35.486756 [debug] [Thread-5 (]: Databricks adapter: Cursor(session-id=01f18eae-c707-1691-adf0-5a121617615c, command-id=01f18eae-c738-1ac2-80e2-8c118ebb2177) - Closing
[0m20:14:35.493079 [debug] [Thread-5 (]: On test.walmart_dbt_project.not_null_orders_t_order_id.b12105be37: Close
[0m20:14:35.495426 [debug] [Thread-5 (]: Databricks adapter: Connection(session-id=01f18eae-c707-1691-adf0-5a121617615c) - Closing
[0m20:14:35.804018 [info ] [Thread-5 (]: 1 of 4 PASS not_null_orders_t_order_id ......................................... [[32mPASS[0m in 2.89s]
[0m20:14:35.805728 [debug] [Thread-5 (]: Finished running node test.walmart_dbt_project.not_null_orders_t_order_id.b12105be37
[0m20:14:35.807245 [debug] [Thread-5 (]: Began running node test.walmart_dbt_project.not_null_products_t_product_id.ce54de85ec
[0m20:14:35.808752 [info ] [Thread-5 (]: 2 of 4 START test not_null_products_t_product_id ............................... [RUN]
[0m20:14:35.812230 [debug] [Thread-5 (]: Databricks adapter: DatabricksDBTConnection(session-id=None, name=test.walmart_dbt_project.not_null_products_t_product_id.ce54de85ec) - Creating connection
[0m20:14:35.813896 [debug] [Thread-5 (]: Acquiring new databricks connection 'test.walmart_dbt_project.not_null_products_t_product_id.ce54de85ec'
[0m20:14:35.815113 [debug] [Thread-5 (]: Began compiling node test.walmart_dbt_project.not_null_products_t_product_id.ce54de85ec
[0m20:14:35.842575 [debug] [Thread-5 (]: Writing injected SQL for node "test.walmart_dbt_project.not_null_products_t_product_id.ce54de85ec"
[0m20:14:35.867897 [debug] [Thread-5 (]: Began executing node test.walmart_dbt_project.not_null_products_t_product_id.ce54de85ec
[0m20:14:35.870805 [debug] [Thread-5 (]: Writing runtime sql for node "test.walmart_dbt_project.not_null_products_t_product_id.ce54de85ec"
[0m20:14:35.911301 [debug] [Thread-5 (]: Using databricks connection "test.walmart_dbt_project.not_null_products_t_product_id.ce54de85ec"
[0m20:14:35.912200 [debug] [Thread-5 (]: On test.walmart_dbt_project.not_null_products_t_product_id.ce54de85ec: /* {"app": "dbt", "dbt_version": "1.12.0", "dbt_databricks_version": "1.12.3", "databricks_sql_connector_version": "4.3.0", "profile_name": "walmart_dbt_project", "target_name": "dev", "invocation_id": "9cd0d6ab-f951-49be-98ba-048eac60d231", "node_id": "test.walmart_dbt_project.not_null_products_t_product_id.ce54de85ec"} */

    
    select
      count(*) as failures,
      count(*) != 0 as should_warn,
      count(*) != 0 as should_error
    from (
      
    
  
    
    



select product_id
from `walmart`.`silver_technical`.`products_t`
where product_id is null



  
  
      
    ) dbt_internal_test
[0m20:14:35.912919 [debug] [Thread-5 (]: Opening a new connection, currently in state init
[0m20:14:37.140856 [debug] [Thread-5 (]: Databricks adapter: Connection(session-id=01f18eae-c8b1-1734-bd18-ade1a269df71) - Created
[0m20:14:37.904503 [debug] [Thread-5 (]: SQL status: OK in 1.990 seconds
[0m20:14:37.907604 [debug] [Thread-5 (]: Databricks adapter: Cursor(session-id=01f18eae-c8b1-1734-bd18-ade1a269df71, command-id=01f18eae-c8e6-10e4-aa0e-e0a30c717bfc) - Closing
[0m20:14:37.909280 [debug] [Thread-5 (]: On test.walmart_dbt_project.not_null_products_t_product_id.ce54de85ec: Close
[0m20:14:37.910297 [debug] [Thread-5 (]: Databricks adapter: Connection(session-id=01f18eae-c8b1-1734-bd18-ade1a269df71) - Closing
[0m20:14:38.228972 [info ] [Thread-5 (]: 2 of 4 PASS not_null_products_t_product_id ..................................... [[32mPASS[0m in 2.42s]
[0m20:14:38.231226 [debug] [Thread-5 (]: Finished running node test.walmart_dbt_project.not_null_products_t_product_id.ce54de85ec
[0m20:14:38.232685 [debug] [Thread-5 (]: Began running node test.walmart_dbt_project.unique_orders_t_order_id.2d8d10a28b
[0m20:14:38.233927 [info ] [Thread-5 (]: 3 of 4 START test unique_orders_t_order_id ..................................... [RUN]
[0m20:14:38.235209 [debug] [Thread-5 (]: Databricks adapter: DatabricksDBTConnection(session-id=None, name=test.walmart_dbt_project.unique_orders_t_order_id.2d8d10a28b) - Creating connection
[0m20:14:38.236052 [debug] [Thread-5 (]: Acquiring new databricks connection 'test.walmart_dbt_project.unique_orders_t_order_id.2d8d10a28b'
[0m20:14:38.237420 [debug] [Thread-5 (]: Began compiling node test.walmart_dbt_project.unique_orders_t_order_id.2d8d10a28b
[0m20:14:38.256814 [debug] [Thread-5 (]: Writing injected SQL for node "test.walmart_dbt_project.unique_orders_t_order_id.2d8d10a28b"
[0m20:14:38.277961 [debug] [Thread-5 (]: Began executing node test.walmart_dbt_project.unique_orders_t_order_id.2d8d10a28b
[0m20:14:38.281016 [debug] [Thread-5 (]: Writing runtime sql for node "test.walmart_dbt_project.unique_orders_t_order_id.2d8d10a28b"
[0m20:14:38.302760 [debug] [Thread-5 (]: Using databricks connection "test.walmart_dbt_project.unique_orders_t_order_id.2d8d10a28b"
[0m20:14:38.303905 [debug] [Thread-5 (]: On test.walmart_dbt_project.unique_orders_t_order_id.2d8d10a28b: /* {"app": "dbt", "dbt_version": "1.12.0", "dbt_databricks_version": "1.12.3", "databricks_sql_connector_version": "4.3.0", "profile_name": "walmart_dbt_project", "target_name": "dev", "invocation_id": "9cd0d6ab-f951-49be-98ba-048eac60d231", "node_id": "test.walmart_dbt_project.unique_orders_t_order_id.2d8d10a28b"} */

    
    select
      count(*) as failures,
      count(*) != 0 as should_warn,
      count(*) != 0 as should_error
    from (
      
    
  
    
    

select
    order_id as unique_field,
    count(*) as n_records

from `walmart`.`silver_technical`.`orders_t`
where order_id is not null
group by order_id
having count(*) > 1



  
  
      
    ) dbt_internal_test
[0m20:14:38.305068 [debug] [Thread-5 (]: Opening a new connection, currently in state init
[0m20:14:39.536442 [debug] [Thread-5 (]: Databricks adapter: Connection(session-id=01f18eae-ca20-131b-a1bc-2e51c36d6246) - Created
[0m20:14:40.492414 [debug] [Thread-5 (]: SQL status: OK in 2.190 seconds
[0m20:14:40.496003 [debug] [Thread-5 (]: Databricks adapter: Cursor(session-id=01f18eae-ca20-131b-a1bc-2e51c36d6246, command-id=01f18eae-ca58-1d93-8399-0f97c7d9919c) - Closing
[0m20:14:40.497584 [debug] [Thread-5 (]: On test.walmart_dbt_project.unique_orders_t_order_id.2d8d10a28b: Close
[0m20:14:40.498626 [debug] [Thread-5 (]: Databricks adapter: Connection(session-id=01f18eae-ca20-131b-a1bc-2e51c36d6246) - Closing
[0m20:14:40.820188 [info ] [Thread-5 (]: 3 of 4 PASS unique_orders_t_order_id ........................................... [[32mPASS[0m in 2.58s]
[0m20:14:40.824318 [debug] [Thread-5 (]: Finished running node test.walmart_dbt_project.unique_orders_t_order_id.2d8d10a28b
[0m20:14:40.826692 [debug] [Thread-5 (]: Began running node test.walmart_dbt_project.unique_products_t_product_id.df1897612f
[0m20:14:40.829487 [info ] [Thread-5 (]: 4 of 4 START test unique_products_t_product_id ................................. [RUN]
[0m20:14:40.832709 [debug] [Thread-5 (]: Databricks adapter: DatabricksDBTConnection(session-id=None, name=test.walmart_dbt_project.unique_products_t_product_id.df1897612f) - Creating connection
[0m20:14:40.834662 [debug] [Thread-5 (]: Acquiring new databricks connection 'test.walmart_dbt_project.unique_products_t_product_id.df1897612f'
[0m20:14:40.836706 [debug] [Thread-5 (]: Began compiling node test.walmart_dbt_project.unique_products_t_product_id.df1897612f
[0m20:14:40.863599 [debug] [Thread-5 (]: Writing injected SQL for node "test.walmart_dbt_project.unique_products_t_product_id.df1897612f"
[0m20:14:40.914644 [debug] [Thread-5 (]: Began executing node test.walmart_dbt_project.unique_products_t_product_id.df1897612f
[0m20:14:40.920175 [debug] [Thread-5 (]: Writing runtime sql for node "test.walmart_dbt_project.unique_products_t_product_id.df1897612f"
[0m20:14:40.965945 [debug] [Thread-5 (]: Using databricks connection "test.walmart_dbt_project.unique_products_t_product_id.df1897612f"
[0m20:14:40.968340 [debug] [Thread-5 (]: On test.walmart_dbt_project.unique_products_t_product_id.df1897612f: /* {"app": "dbt", "dbt_version": "1.12.0", "dbt_databricks_version": "1.12.3", "databricks_sql_connector_version": "4.3.0", "profile_name": "walmart_dbt_project", "target_name": "dev", "invocation_id": "9cd0d6ab-f951-49be-98ba-048eac60d231", "node_id": "test.walmart_dbt_project.unique_products_t_product_id.df1897612f"} */

    
    select
      count(*) as failures,
      count(*) != 0 as should_warn,
      count(*) != 0 as should_error
    from (
      
    
  
    
    

select
    product_id as unique_field,
    count(*) as n_records

from (select * from `walmart`.`silver_technical`.`products_t` where price > 0) dbt_subquery
where product_id is not null
group by product_id
having count(*) > 1



  
  
      
    ) dbt_internal_test
[0m20:14:40.970272 [debug] [Thread-5 (]: Opening a new connection, currently in state init
[0m20:14:42.951025 [debug] [Thread-5 (]: Databricks adapter: Connection(session-id=01f18eae-cc2f-1609-ac42-8d0ab497f847) - Created
[0m20:14:43.894029 [debug] [Thread-5 (]: SQL status: OK in 2.920 seconds
[0m20:14:43.897529 [debug] [Thread-5 (]: Databricks adapter: Cursor(session-id=01f18eae-cc2f-1609-ac42-8d0ab497f847, command-id=01f18eae-cc61-1095-b80d-642dcce11315) - Closing
[0m20:14:43.899161 [debug] [Thread-5 (]: On test.walmart_dbt_project.unique_products_t_product_id.df1897612f: Close
[0m20:14:43.900041 [debug] [Thread-5 (]: Databricks adapter: Connection(session-id=01f18eae-cc2f-1609-ac42-8d0ab497f847) - Closing
[0m20:14:44.205777 [info ] [Thread-5 (]: 4 of 4 PASS unique_products_t_product_id ....................................... [[32mPASS[0m in 3.37s]
[0m20:14:44.208046 [debug] [Thread-5 (]: Finished running node test.walmart_dbt_project.unique_products_t_product_id.df1897612f
[0m20:14:44.212042 [debug] [MainThread]: Databricks adapter: DatabricksDBTConnection(session-id=None, name=master) - Creating connection
[0m20:14:44.212890 [debug] [MainThread]: Acquiring new databricks connection 'master'
[0m20:14:44.213883 [info ] [MainThread]: 
[0m20:14:44.214756 [info ] [MainThread]: Finished running 4 data tests in 0 hours 0 minutes and 25.76 seconds (25.76s).
[0m20:14:44.216443 [debug] [MainThread]: Command end result
[0m20:14:44.346295 [debug] [MainThread]: Wrote artifact WritableManifest to /opt/airflow/walmart_dbt_project/target/manifest.json
[0m20:14:44.357621 [debug] [MainThread]: Wrote artifact SemanticManifest to /opt/airflow/walmart_dbt_project/target/semantic_manifest.json
[0m20:14:44.368558 [debug] [MainThread]: Wrote artifact OsiDocument to /opt/airflow/walmart_dbt_project/target/osi_document.json
[0m20:14:44.386356 [debug] [MainThread]: Wrote artifact RunExecutionResult to /opt/airflow/walmart_dbt_project/target/run_results.json
[0m20:14:44.387103 [info ] [MainThread]: 
[0m20:14:44.387993 [info ] [MainThread]: [32mCompleted successfully[0m
[0m20:14:44.388987 [info ] [MainThread]: 
[0m20:14:44.390217 [info ] [MainThread]: Done. PASS=4 WARN=0 ERROR=0 SKIP=0 NO-OP=0 REUSED=0 TOTAL=4
[0m20:14:44.392505 [debug] [MainThread]: Resource report: {"command_name": "test", "command_success": true, "command_wall_clock_time": 31.006119, "process_in_blocks": "0", "process_kernel_time": 1.10592, "process_mem_max_rss": "296836", "process_out_blocks": "0", "process_user_time": 8.725834}
[0m20:14:44.393650 [debug] [MainThread]: Command `dbt test` succeeded at 20:14:44.393471 after 31.01 seconds
[0m20:14:44.394689 [debug] [MainThread]: Sending event: {'category': 'dbt', 'action': 'invocation', 'label': 'end', 'context': [<snowplow_tracker.self_describing_json.SelfDescribingJson object at 0x7c7aa92bbc50>, <snowplow_tracker.self_describing_json.SelfDescribingJson object at 0x7c7a6e399180>, <snowplow_tracker.self_describing_json.SelfDescribingJson object at 0x7c7a6e399230>]}
[0m20:14:44.395674 [debug] [MainThread]: Flushing usage events
[0m20:14:45.465323 [debug] [MainThread]: An error was encountered while trying to flush usage events
[0m20:14:50.532261 [debug] [MainThread]: Sending event: {'category': 'dbt', 'action': 'invocation', 'label': 'start', 'context': [<snowplow_tracker.self_describing_json.SelfDescribingJson object at 0x7f71fcbd8590>, <snowplow_tracker.self_describing_json.SelfDescribingJson object at 0x7f71ffaa0f50>, <snowplow_tracker.self_describing_json.SelfDescribingJson object at 0x7f71fb897d90>]}


============================== 20:14:50.538087 | 8ed50e65-787f-4541-9681-0b5d4245a42f ==============================
[0m20:14:50.538087 [info ] [MainThread]: Running with dbt=1.12.0
[0m20:14:50.540321 [debug] [MainThread]: running dbt with arguments {'invocation_command': 'dbt run --select silver_business', 'write_json': 'True', 'no_print': 'None', 'version_check': 'True', 'send_anonymous_usage_stats': 'True', 'printer_width': '80', 'hints_enabled': 'True', 'profiles_dir': '/opt/airflow/walmart_dbt_project', 'cache_selected_only': 'False', 'partial_parse': 'True', 'quiet': 'False', 'indirect_selection': 'eager', 'debug': 'False', 'maximum_seed_size_mib': '1', 'use_colors': 'True', 'use_experimental_parser': 'False', 'log_path': '/opt/airflow/walmart_dbt_project/logs', 'empty': 'False', 'log_cache_events': 'False', 'log_format': 'default', 'target_path': 'None', 'warn_error': 'None', 'fail_fast': 'False', 'warn_error_options': 'WarnErrorOptionsV2(error=[], warn=[], silence=[])', 'static_parser': 'True', 'introspect': 'True'}
[0m20:14:51.893805 [debug] [MainThread]: Spark adapter: Setting pyhive.hive logging to ERROR
[0m20:14:51.894999 [debug] [MainThread]: Spark adapter: Setting thrift.transport logging to ERROR
[0m20:14:51.895907 [debug] [MainThread]: Spark adapter: Setting thrift.protocol logging to ERROR
[0m20:14:52.972205 [debug] [MainThread]: Sending event: {'category': 'dbt', 'action': 'project_id', 'label': '8ed50e65-787f-4541-9681-0b5d4245a42f', 'context': [<snowplow_tracker.self_describing_json.SelfDescribingJson object at 0x7f71fc9bd810>]}
[0m20:14:53.057788 [debug] [MainThread]: Sending event: {'category': 'dbt', 'action': 'adapter_info', 'label': '8ed50e65-787f-4541-9681-0b5d4245a42f', 'context': [<snowplow_tracker.self_describing_json.SelfDescribingJson object at 0x7f71c15757b0>]}
[0m20:14:53.059788 [info ] [MainThread]: Registered adapter: databricks=1.12.3
[0m20:14:53.316351 [debug] [MainThread]: checksum: 2cc2bfe6655d8990decf4293b303320fbf01ae4fb602131a9ec6ff506b2e8850, vars: {}, profile: walmart_dbt_project, target: dev, version: 1.12.0
[0m20:14:54.499254 [debug] [MainThread]: Partial parsing enabled: 0 files deleted, 0 files added, 0 files changed.
[0m20:14:54.501027 [debug] [MainThread]: Nothing changed, skipping partial parsing.
[0m20:14:54.502144 [debug] [MainThread]: Partial parsing enabled, no changes found, skipping parsing
[0m20:14:54.520755 [debug] [MainThread]: Sending event: {'category': 'dbt', 'action': 'load_project', 'label': '8ed50e65-787f-4541-9681-0b5d4245a42f', 'context': [<snowplow_tracker.self_describing_json.SelfDescribingJson object at 0x7f71c0e8d950>]}
[0m20:14:54.873129 [debug] [MainThread]: Wrote artifact WritableManifest to /opt/airflow/walmart_dbt_project/target/manifest.json
[0m20:14:54.882752 [debug] [MainThread]: Wrote artifact SemanticManifest to /opt/airflow/walmart_dbt_project/target/semantic_manifest.json
[0m20:14:54.910147 [debug] [MainThread]: Wrote artifact OsiDocument to /opt/airflow/walmart_dbt_project/target/osi_document.json
[0m20:14:54.942395 [debug] [MainThread]: Sending event: {'category': 'dbt', 'action': 'resource_counts', 'label': '8ed50e65-787f-4541-9681-0b5d4245a42f', 'context': [<snowplow_tracker.self_describing_json.SelfDescribingJson object at 0x7f71c11cd6d0>]}
[0m20:14:54.943789 [info ] [MainThread]: Found 14 models, 1 analysis, 5 data tests, 5 snapshots, 6 sources, 774 macros
[0m20:14:54.945061 [debug] [MainThread]: Sending event: {'category': 'dbt', 'action': 'runnable_timing', 'label': '8ed50e65-787f-4541-9681-0b5d4245a42f', 'context': [<snowplow_tracker.self_describing_json.SelfDescribingJson object at 0x7f71c1097d90>]}
[0m20:14:54.947754 [info ] [MainThread]: 
[0m20:14:54.948783 [info ] [MainThread]: Concurrency: 1 threads (target='dev')
[0m20:14:54.949729 [info ] [MainThread]: 
[0m20:14:54.951063 [debug] [MainThread]: Databricks adapter: DatabricksDBTConnection(session-id=None, name=master) - Creating connection
[0m20:14:54.952040 [debug] [MainThread]: Acquiring new databricks connection 'master'
[0m20:14:54.953933 [debug] [ThreadPool]: Databricks adapter: DatabricksDBTConnection(session-id=None, name=list_walmart) - Creating connection
[0m20:14:54.954836 [debug] [ThreadPool]: Acquiring new databricks connection 'list_walmart'
[0m20:14:54.972801 [debug] [ThreadPool]: Using databricks connection "list_walmart"
[0m20:14:54.973917 [debug] [ThreadPool]: On list_walmart: /* {"app": "dbt", "dbt_version": "1.12.0", "dbt_databricks_version": "1.12.3", "databricks_sql_connector_version": "4.3.0", "profile_name": "walmart_dbt_project", "target_name": "dev", "invocation_id": "8ed50e65-787f-4541-9681-0b5d4245a42f", "connection_name": "list_walmart"} */

    

  SHOW SCHEMAS IN `walmart`


  
[0m20:14:54.974762 [debug] [ThreadPool]: Opening a new connection, currently in state init
[0m20:14:59.510802 [debug] [ThreadPool]: Databricks adapter: Connection(session-id=01f18eae-d557-122c-a718-9308aa0566d0) - Created
[0m20:14:59.964976 [debug] [ThreadPool]: SQL status: OK in 4.990 seconds
[0m20:14:59.984748 [debug] [ThreadPool]: Databricks adapter: Cursor(session-id=01f18eae-d557-122c-a718-9308aa0566d0, command-id=01f18eae-d630-170f-9b08-5901d5db822f) - Closing
[0m20:14:59.987391 [debug] [ThreadPool]: On list_walmart: Close
[0m20:14:59.989506 [debug] [ThreadPool]: Databricks adapter: Connection(session-id=01f18eae-d557-122c-a718-9308aa0566d0) - Closing
[0m20:15:00.342869 [debug] [ThreadPool]: Databricks adapter: DatabricksDBTConnection(session-id=None, name=list_walmart_gold) - Creating connection
[0m20:15:00.347790 [debug] [ThreadPool]: Acquiring new databricks connection 'list_walmart_gold'
[0m20:15:00.359527 [debug] [ThreadPool]: Using databricks connection "list_walmart_gold"
[0m20:15:00.361261 [debug] [ThreadPool]: On list_walmart_gold: /* {"app": "dbt", "dbt_version": "1.12.0", "dbt_databricks_version": "1.12.3", "databricks_sql_connector_version": "4.3.0", "profile_name": "walmart_dbt_project", "target_name": "dev", "invocation_id": "8ed50e65-787f-4541-9681-0b5d4245a42f", "connection_name": "list_walmart_gold"} */

    
SELECT
  table_name,
  if(table_type IN ('EXTERNAL', 'MANAGED', 'MANAGED_SHALLOW_CLONE', 'EXTERNAL_SHALLOW_CLONE'), 'table', lower(table_type)) AS table_type,
  lower(data_source_format) AS file_format,
  table_owner,
  if(
    table_type IN (
      'EXTERNAL',
      'MANAGED',
      'MANAGED_SHALLOW_CLONE',
      'EXTERNAL_SHALLOW_CLONE'
    ),
    lower(table_type),
    NULL
  ) AS databricks_table_type
FROM `system`.`information_schema`.`tables`
WHERE table_catalog = 'walmart'
  AND table_schema = 'gold'

  
[0m20:15:00.362750 [debug] [ThreadPool]: Opening a new connection, currently in state init
[0m20:15:01.544121 [debug] [ThreadPool]: Databricks adapter: Connection(session-id=01f18eae-d733-1635-b317-24bbb2b31b7e) - Created
[0m20:15:02.127057 [debug] [ThreadPool]: SQL status: OK in 1.760 seconds
[0m20:15:02.133270 [debug] [ThreadPool]: Databricks adapter: Cursor(session-id=01f18eae-d733-1635-b317-24bbb2b31b7e, command-id=01f18eae-d764-11c6-99e9-6f5df79ba98d) - Closing
[0m20:15:02.134938 [debug] [ThreadPool]: On list_walmart_gold: Close
[0m20:15:02.135659 [debug] [ThreadPool]: Databricks adapter: Connection(session-id=01f18eae-d733-1635-b317-24bbb2b31b7e) - Closing
[0m20:15:02.444374 [debug] [ThreadPool]: Databricks adapter: DatabricksDBTConnection(session-id=None, name=list_walmart_dbt_schema) - Creating connection
[0m20:15:02.447317 [debug] [ThreadPool]: Acquiring new databricks connection 'list_walmart_dbt_schema'
[0m20:15:02.449468 [debug] [ThreadPool]: Using databricks connection "list_walmart_dbt_schema"
[0m20:15:02.450294 [debug] [ThreadPool]: On list_walmart_dbt_schema: /* {"app": "dbt", "dbt_version": "1.12.0", "dbt_databricks_version": "1.12.3", "databricks_sql_connector_version": "4.3.0", "profile_name": "walmart_dbt_project", "target_name": "dev", "invocation_id": "8ed50e65-787f-4541-9681-0b5d4245a42f", "connection_name": "list_walmart_dbt_schema"} */

    
SELECT
  table_name,
  if(table_type IN ('EXTERNAL', 'MANAGED', 'MANAGED_SHALLOW_CLONE', 'EXTERNAL_SHALLOW_CLONE'), 'table', lower(table_type)) AS table_type,
  lower(data_source_format) AS file_format,
  table_owner,
  if(
    table_type IN (
      'EXTERNAL',
      'MANAGED',
      'MANAGED_SHALLOW_CLONE',
      'EXTERNAL_SHALLOW_CLONE'
    ),
    lower(table_type),
    NULL
  ) AS databricks_table_type
FROM `system`.`information_schema`.`tables`
WHERE table_catalog = 'walmart'
  AND table_schema = 'dbt_schema'

  
[0m20:15:02.450933 [debug] [ThreadPool]: Opening a new connection, currently in state init
[0m20:15:04.441831 [debug] [ThreadPool]: Databricks adapter: Connection(session-id=01f18eae-d8d7-1580-89f8-8d02b7c916b0) - Created
[0m20:15:05.074088 [debug] [ThreadPool]: SQL status: OK in 2.620 seconds
[0m20:15:05.077969 [debug] [ThreadPool]: Databricks adapter: Cursor(session-id=01f18eae-d8d7-1580-89f8-8d02b7c916b0, command-id=01f18eae-d91a-111c-88f5-544223a61118) - Closing
[0m20:15:05.079027 [debug] [ThreadPool]: On list_walmart_dbt_schema: Close
[0m20:15:05.079782 [debug] [ThreadPool]: Databricks adapter: Connection(session-id=01f18eae-d8d7-1580-89f8-8d02b7c916b0) - Closing
[0m20:15:05.258113 [debug] [ThreadPool]: Databricks adapter: DatabricksDBTConnection(session-id=None, name=list_walmart_silver_technical) - Creating connection
[0m20:15:05.259839 [debug] [ThreadPool]: Acquiring new databricks connection 'list_walmart_silver_technical'
[0m20:15:05.263118 [debug] [ThreadPool]: Using databricks connection "list_walmart_silver_technical"
[0m20:15:05.264599 [debug] [ThreadPool]: On list_walmart_silver_technical: /* {"app": "dbt", "dbt_version": "1.12.0", "dbt_databricks_version": "1.12.3", "databricks_sql_connector_version": "4.3.0", "profile_name": "walmart_dbt_project", "target_name": "dev", "invocation_id": "8ed50e65-787f-4541-9681-0b5d4245a42f", "connection_name": "list_walmart_silver_technical"} */

    
SELECT
  table_name,
  if(table_type IN ('EXTERNAL', 'MANAGED', 'MANAGED_SHALLOW_CLONE', 'EXTERNAL_SHALLOW_CLONE'), 'table', lower(table_type)) AS table_type,
  lower(data_source_format) AS file_format,
  table_owner,
  if(
    table_type IN (
      'EXTERNAL',
      'MANAGED',
      'MANAGED_SHALLOW_CLONE',
      'EXTERNAL_SHALLOW_CLONE'
    ),
    lower(table_type),
    NULL
  ) AS databricks_table_type
FROM `system`.`information_schema`.`tables`
WHERE table_catalog = 'walmart'
  AND table_schema = 'silver_technical'

  
[0m20:15:05.265565 [debug] [ThreadPool]: Opening a new connection, currently in state init
[0m20:15:06.464642 [debug] [ThreadPool]: Databricks adapter: Connection(session-id=01f18eae-da2d-1ed5-a6c2-3383f66ec9de) - Created
[0m20:15:07.107253 [debug] [ThreadPool]: SQL status: OK in 1.840 seconds
[0m20:15:07.112454 [debug] [ThreadPool]: Databricks adapter: Cursor(session-id=01f18eae-da2d-1ed5-a6c2-3383f66ec9de, command-id=01f18eae-da69-1058-b5d2-84c0dec5286d) - Closing
[0m20:15:07.114057 [debug] [ThreadPool]: On list_walmart_silver_technical: Close
[0m20:15:07.115513 [debug] [ThreadPool]: Databricks adapter: Connection(session-id=01f18eae-da2d-1ed5-a6c2-3383f66ec9de) - Closing
[0m20:15:07.430505 [debug] [ThreadPool]: Databricks adapter: DatabricksDBTConnection(session-id=None, name=list_walmart_silver_business) - Creating connection
[0m20:15:07.433925 [debug] [ThreadPool]: Acquiring new databricks connection 'list_walmart_silver_business'
[0m20:15:07.450134 [debug] [ThreadPool]: Using databricks connection "list_walmart_silver_business"
[0m20:15:07.451044 [debug] [ThreadPool]: On list_walmart_silver_business: /* {"app": "dbt", "dbt_version": "1.12.0", "dbt_databricks_version": "1.12.3", "databricks_sql_connector_version": "4.3.0", "profile_name": "walmart_dbt_project", "target_name": "dev", "invocation_id": "8ed50e65-787f-4541-9681-0b5d4245a42f", "connection_name": "list_walmart_silver_business"} */

    
SELECT
  table_name,
  if(table_type IN ('EXTERNAL', 'MANAGED', 'MANAGED_SHALLOW_CLONE', 'EXTERNAL_SHALLOW_CLONE'), 'table', lower(table_type)) AS table_type,
  lower(data_source_format) AS file_format,
  table_owner,
  if(
    table_type IN (
      'EXTERNAL',
      'MANAGED',
      'MANAGED_SHALLOW_CLONE',
      'EXTERNAL_SHALLOW_CLONE'
    ),
    lower(table_type),
    NULL
  ) AS databricks_table_type
FROM `system`.`information_schema`.`tables`
WHERE table_catalog = 'walmart'
  AND table_schema = 'silver_business'

  
[0m20:15:07.451663 [debug] [ThreadPool]: Opening a new connection, currently in state init
[0m20:15:08.598703 [debug] [ThreadPool]: Databricks adapter: Connection(session-id=01f18eae-db78-14e7-9cb3-3a32b4a8fb2e) - Created
[0m20:15:09.160939 [debug] [ThreadPool]: SQL status: OK in 1.710 seconds
[0m20:15:09.164163 [debug] [ThreadPool]: Databricks adapter: Cursor(session-id=01f18eae-db78-14e7-9cb3-3a32b4a8fb2e, command-id=01f18eae-dba8-192b-8073-132f00dab213) - Closing
[0m20:15:09.165156 [debug] [ThreadPool]: On list_walmart_silver_business: Close
[0m20:15:09.165795 [debug] [ThreadPool]: Databricks adapter: Connection(session-id=01f18eae-db78-14e7-9cb3-3a32b4a8fb2e) - Closing
[0m20:15:09.475066 [debug] [MainThread]: Sending event: {'category': 'dbt', 'action': 'runnable_timing', 'label': '8ed50e65-787f-4541-9681-0b5d4245a42f', 'context': [<snowplow_tracker.self_describing_json.SelfDescribingJson object at 0x7f71c0d6b450>]}
[0m20:15:09.486750 [debug] [Thread-6 (]: Began running node model.walmart_dbt_project.obt_b
[0m20:15:09.492567 [info ] [Thread-6 (]: 1 of 1 START sql table model silver_business.obt_b ............................. [RUN]
[0m20:15:09.495230 [debug] [Thread-6 (]: Databricks adapter: DatabricksDBTConnection(session-id=None, name=model.walmart_dbt_project.obt_b) - Creating connection
[0m20:15:09.496862 [debug] [Thread-6 (]: Acquiring new databricks connection 'model.walmart_dbt_project.obt_b'
[0m20:15:09.499003 [debug] [Thread-6 (]: Began compiling node model.walmart_dbt_project.obt_b
[0m20:15:09.544515 [debug] [Thread-6 (]: Writing injected SQL for node "model.walmart_dbt_project.obt_b"
[0m20:15:09.587089 [debug] [Thread-6 (]: Began executing node model.walmart_dbt_project.obt_b
[0m20:15:09.631665 [debug] [Thread-6 (]: MATERIALIZING TABLE
[0m20:15:09.705357 [debug] [Thread-6 (]: Using databricks connection "model.walmart_dbt_project.obt_b"
[0m20:15:09.706879 [debug] [Thread-6 (]: On model.walmart_dbt_project.obt_b: /* {"app": "dbt", "dbt_version": "1.12.0", "dbt_databricks_version": "1.12.3", "databricks_sql_connector_version": "4.3.0", "profile_name": "walmart_dbt_project", "target_name": "dev", "invocation_id": "8ed50e65-787f-4541-9681-0b5d4245a42f", "node_id": "model.walmart_dbt_project.obt_b"} */
SELECT
    table_catalog,
    table_schema,
    table_name,
    filter_name,
    target_columns
  FROM `walmart`.`information_schema`.`row_filters`
  WHERE table_catalog = 'walmart'
    AND table_schema = 'silver_business'
    AND table_name = 'obt_b'
[0m20:15:09.708488 [debug] [Thread-6 (]: Opening a new connection, currently in state init
[0m20:15:11.932083 [debug] [Thread-6 (]: Databricks adapter: Connection(session-id=01f18eae-dd76-160b-9298-f820d94eb111) - Created
[0m20:15:12.873965 [debug] [Thread-6 (]: SQL status: OK in 3.170 seconds
[0m20:15:12.880846 [debug] [Thread-6 (]: Databricks adapter: Cursor(session-id=01f18eae-dd76-160b-9298-f820d94eb111, command-id=01f18eae-dda7-1f7a-89e9-fa91732e5656) - Closing
[0m20:15:12.925931 [debug] [Thread-6 (]: Writing runtime sql for node "model.walmart_dbt_project.obt_b"
[0m20:15:12.955560 [debug] [Thread-6 (]: Using databricks connection "model.walmart_dbt_project.obt_b"
[0m20:15:12.956819 [debug] [Thread-6 (]: On model.walmart_dbt_project.obt_b: /* {"app": "dbt", "dbt_version": "1.12.0", "dbt_databricks_version": "1.12.3", "databricks_sql_connector_version": "4.3.0", "profile_name": "walmart_dbt_project", "target_name": "dev", "invocation_id": "8ed50e65-787f-4541-9681-0b5d4245a42f", "node_id": "model.walmart_dbt_project.obt_b"} */

  
    
        create or replace table `walmart`.`silver_business`.`obt_b`
      
      
    using delta
  
      
      
      
      
      
      
      
      
      as
      SELECT 
    
        o.order_id,
                        o.store_id,
                        o.order_timestamp,
                        o.payment_method,
                        o.order_status,
                        o.total_amount,
                        o.created_timestamp AS order_created_timestamp,
                        o.updated_timestamp AS order_updated_timestamp,
                        o.is_active AS order_is_active,
                        o.processed_at AS order_processed_at,
                        current_timestamp() AS obt_b_processed_at
                     ,
    
           c.customer_id,
                        c.first_name AS customer_first_name,
                        c.last_name AS customer_last_name,
                        c.email AS customer_email,
                        c.phone AS customer_phone,
                        c.city AS customer_city,
                        c.province AS customer_province,
                        c.country AS customer_country,
                        c.created_timestamp AS customer_created_timestamp,
                        c.updated_timestamp AS customer_updated_timestamp,
                        c.is_active AS customer_is_active,
                        c.processed_at AS customer_processed_at
                     ,
    
               oi.order_item_id,
                            oi.quantity,
                            oi.unit_price,
                            oi.line_amount,
                            oi.created_timestamp AS order_item_created_timestamp,
                            oi.updated_timestamp AS order_item_updated_timestamp,
                            oi.is_active AS order_item_is_active,
                            oi.processed_at AS order_item_processed_at
                     ,
    
               p.product_id,
                            p.product_name,
                            p.category,
                            p.brand,
                            p.price,
                            p.created_timestamp AS product_created_timestamp,
                            p.updated_timestamp AS product_updated_timestamp,
                            p.is_active AS product_is_active,
                            p.processed_at AS product_processed_at
                     ,
    
                e.employee_id,
                                e.first_name AS employee_first_name,
                                e.last_name AS employee_last_name,
                                e.email AS employee_email,
                                e.job_title,
                                e.salary,
                                e.created_timestamp AS employee_created_timestamp,
                                e.updated_timestamp AS employee_updated_timestamp,
                                e.is_active AS employee_is_active,
                                e.processed_at AS employee_processed_at
                     ,
    
               s.store_name,
                            s.city AS store_city,
                            s.province AS store_province,
                            s.country AS store_country,
                            s.created_timestamp AS store_created_timestamp,
                            s.updated_timestamp AS store_updated_timestamp,
                            s.is_active AS store_is_active,
                            s.processed_at AS store_processed_at
                     
    

FROM 
    
        
            walmart.silver_technical.orders_t AS o
        
    
        
LEFT JOIN 
        walmart.silver_technical.customers_t AS c
        ON o.customer_id = c.customer_id
        
    
        
LEFT JOIN 
        walmart.silver_technical.order_items_t AS oi
        ON o.order_id = oi.order_id
        
    
        
LEFT JOIN 
        walmart.silver_technical.products_t AS p
        ON oi.product_id = p.product_id
        
    
        
LEFT JOIN 
        walmart.silver_technical.employees_t AS e
        ON o.store_id = e.store_id
        
    
        
LEFT JOIN 
        walmart.silver_technical.stores_t AS s
        ON o.store_id = s.store_id
  
[0m20:15:20.604868 [debug] [Thread-6 (]: SQL status: OK in 7.650 seconds
[0m20:15:20.607173 [debug] [Thread-6 (]: Databricks adapter: Cursor(session-id=01f18eae-dd76-160b-9298-f820d94eb111, command-id=01f18eae-de44-1411-aab6-47c9ee856971) - Closing
[0m20:15:20.961526 [debug] [Thread-6 (]: Applying tags to relation None
[0m20:15:20.985983 [debug] [Thread-6 (]: On model.walmart_dbt_project.obt_b: Close
[0m20:15:20.987173 [debug] [Thread-6 (]: Databricks adapter: Connection(session-id=01f18eae-dd76-160b-9298-f820d94eb111) - Closing
[0m20:15:21.329197 [debug] [Thread-6 (]: Sending event: {'category': 'dbt', 'action': 'run_model', 'label': '8ed50e65-787f-4541-9681-0b5d4245a42f', 'context': [<snowplow_tracker.self_describing_json.SelfDescribingJson object at 0x7f71c0d76210>]}
[0m20:15:21.330892 [info ] [Thread-6 (]: 1 of 1 OK created sql table model silver_business.obt_b ........................ [[32mOK[0m in 11.83s]
[0m20:15:21.332367 [debug] [Thread-6 (]: Finished running node model.walmart_dbt_project.obt_b
[0m20:15:21.336428 [debug] [MainThread]: Databricks adapter: DatabricksDBTConnection(session-id=None, name=master) - Creating connection
[0m20:15:21.337485 [debug] [MainThread]: Acquiring new databricks connection 'master'
[0m20:15:21.338864 [info ] [MainThread]: 
[0m20:15:21.339852 [info ] [MainThread]: Finished running 1 table model in 0 hours 0 minutes and 26.39 seconds (26.39s).
[0m20:15:21.341377 [debug] [MainThread]: Command end result
[0m20:15:21.500974 [debug] [MainThread]: Wrote artifact WritableManifest to /opt/airflow/walmart_dbt_project/target/manifest.json
[0m20:15:21.514671 [debug] [MainThread]: Wrote artifact SemanticManifest to /opt/airflow/walmart_dbt_project/target/semantic_manifest.json
[0m20:15:21.527103 [debug] [MainThread]: Wrote artifact OsiDocument to /opt/airflow/walmart_dbt_project/target/osi_document.json
[0m20:15:21.543819 [debug] [MainThread]: Wrote artifact RunExecutionResult to /opt/airflow/walmart_dbt_project/target/run_results.json
[0m20:15:21.545386 [info ] [MainThread]: 
[0m20:15:21.546675 [info ] [MainThread]: [32mCompleted successfully[0m
[0m20:15:21.547491 [info ] [MainThread]: 
[0m20:15:21.548254 [info ] [MainThread]: Done. PASS=1 WARN=0 ERROR=0 SKIP=0 NO-OP=0 REUSED=0 TOTAL=1
[0m20:15:21.550406 [debug] [MainThread]: Resource report: {"command_name": "run", "command_success": true, "command_wall_clock_time": 31.279537, "process_in_blocks": "0", "process_kernel_time": 0.923939, "process_mem_max_rss": "298544", "process_out_blocks": "0", "process_user_time": 8.199466}
[0m20:15:21.552085 [debug] [MainThread]: Command `dbt run` succeeded at 20:15:21.551817 after 31.28 seconds
[0m20:15:21.553218 [debug] [MainThread]: Sending event: {'category': 'dbt', 'action': 'invocation', 'label': 'end', 'context': [<snowplow_tracker.self_describing_json.SelfDescribingJson object at 0x7f71c1085f40>, <snowplow_tracker.self_describing_json.SelfDescribingJson object at 0x7f71c0de6490>, <snowplow_tracker.self_describing_json.SelfDescribingJson object at 0x7f71c0de7070>]}
[0m20:15:21.554052 [debug] [MainThread]: Flushing usage events
[0m20:15:22.662548 [debug] [MainThread]: An error was encountered while trying to flush usage events
[0m20:15:30.048062 [debug] [MainThread]: Sending event: {'category': 'dbt', 'action': 'invocation', 'label': 'start', 'context': [<snowplow_tracker.self_describing_json.SelfDescribingJson object at 0x7d0a5bbd8590>, <snowplow_tracker.self_describing_json.SelfDescribingJson object at 0x7d0a5eaacf50>, <snowplow_tracker.self_describing_json.SelfDescribingJson object at 0x7d0a5a8e3d90>]}


============================== 20:15:30.055279 | 570b636a-e1ac-418f-bf15-915f9d990533 ==============================
[0m20:15:30.055279 [info ] [MainThread]: Running with dbt=1.12.0
[0m20:15:30.056994 [debug] [MainThread]: running dbt with arguments {'partial_parse': 'True', 'log_format': 'default', 'send_anonymous_usage_stats': 'True', 'log_path': '/opt/airflow/walmart_dbt_project/logs', 'quiet': 'False', 'use_colors': 'True', 'warn_error': 'None', 'printer_width': '80', 'warn_error_options': 'WarnErrorOptionsV2(error=[], warn=[], silence=[])', 'cache_selected_only': 'False', 'static_parser': 'True', 'version_check': 'True', 'invocation_command': 'dbt test --select silver_business', 'hints_enabled': 'True', 'write_json': 'True', 'indirect_selection': 'eager', 'maximum_seed_size_mib': '1', 'log_cache_events': 'False', 'profiles_dir': '/opt/airflow/walmart_dbt_project', 'introspect': 'True', 'use_experimental_parser': 'False', 'empty': 'None', 'no_print': 'None', 'target_path': 'None', 'fail_fast': 'False', 'debug': 'False'}
[0m20:15:31.562951 [debug] [MainThread]: Spark adapter: Setting pyhive.hive logging to ERROR
[0m20:15:31.564031 [debug] [MainThread]: Spark adapter: Setting thrift.transport logging to ERROR
[0m20:15:31.565510 [debug] [MainThread]: Spark adapter: Setting thrift.protocol logging to ERROR
[0m20:15:32.589190 [debug] [MainThread]: Sending event: {'category': 'dbt', 'action': 'project_id', 'label': '570b636a-e1ac-418f-bf15-915f9d990533', 'context': [<snowplow_tracker.self_describing_json.SelfDescribingJson object at 0x7d0a5b9c5810>]}
[0m20:15:32.682928 [debug] [MainThread]: Sending event: {'category': 'dbt', 'action': 'adapter_info', 'label': '570b636a-e1ac-418f-bf15-915f9d990533', 'context': [<snowplow_tracker.self_describing_json.SelfDescribingJson object at 0x7d0a246157b0>]}
[0m20:15:32.685092 [info ] [MainThread]: Registered adapter: databricks=1.12.3
[0m20:15:32.889888 [debug] [MainThread]: checksum: 2cc2bfe6655d8990decf4293b303320fbf01ae4fb602131a9ec6ff506b2e8850, vars: {}, profile: walmart_dbt_project, target: dev, version: 1.12.0
[0m20:15:33.772931 [debug] [MainThread]: Partial parsing enabled: 0 files deleted, 0 files added, 0 files changed.
[0m20:15:33.774320 [debug] [MainThread]: Nothing changed, skipping partial parsing.
[0m20:15:33.775213 [debug] [MainThread]: Partial parsing enabled, no changes found, skipping parsing
[0m20:15:33.794401 [debug] [MainThread]: Sending event: {'category': 'dbt', 'action': 'load_project', 'label': '570b636a-e1ac-418f-bf15-915f9d990533', 'context': [<snowplow_tracker.self_describing_json.SelfDescribingJson object at 0x7d0a1fd1d950>]}
[0m20:15:34.126144 [debug] [MainThread]: Wrote artifact WritableManifest to /opt/airflow/walmart_dbt_project/target/manifest.json
[0m20:15:34.135310 [debug] [MainThread]: Wrote artifact SemanticManifest to /opt/airflow/walmart_dbt_project/target/semantic_manifest.json
[0m20:15:34.162342 [debug] [MainThread]: Wrote artifact OsiDocument to /opt/airflow/walmart_dbt_project/target/osi_document.json
[0m20:15:34.229580 [debug] [MainThread]: Sending event: {'category': 'dbt', 'action': 'resource_counts', 'label': '570b636a-e1ac-418f-bf15-915f9d990533', 'context': [<snowplow_tracker.self_describing_json.SelfDescribingJson object at 0x7d0a1fc059a0>]}
[0m20:15:34.231128 [info ] [MainThread]: Found 14 models, 1 analysis, 5 data tests, 5 snapshots, 6 sources, 774 macros
[0m20:15:34.232337 [debug] [MainThread]: Sending event: {'category': 'dbt', 'action': 'runnable_timing', 'label': '570b636a-e1ac-418f-bf15-915f9d990533', 'context': [<snowplow_tracker.self_describing_json.SelfDescribingJson object at 0x7d0a1fd9be70>]}
[0m20:15:34.236839 [info ] [MainThread]: 
[0m20:15:34.238166 [info ] [MainThread]: Concurrency: 1 threads (target='dev')
[0m20:15:34.239462 [info ] [MainThread]: 
[0m20:15:34.241904 [debug] [MainThread]: Databricks adapter: DatabricksDBTConnection(session-id=None, name=master) - Creating connection
[0m20:15:34.244079 [debug] [MainThread]: Acquiring new databricks connection 'master'
[0m20:15:34.259499 [debug] [ThreadPool]: Databricks adapter: DatabricksDBTConnection(session-id=None, name=list_walmart_silver_business) - Creating connection
[0m20:15:34.260773 [debug] [ThreadPool]: Acquiring new databricks connection 'list_walmart_silver_business'
[0m20:15:34.282591 [debug] [ThreadPool]: Using databricks connection "list_walmart_silver_business"
[0m20:15:34.283980 [debug] [ThreadPool]: On list_walmart_silver_business: /* {"app": "dbt", "dbt_version": "1.12.0", "dbt_databricks_version": "1.12.3", "databricks_sql_connector_version": "4.3.0", "profile_name": "walmart_dbt_project", "target_name": "dev", "invocation_id": "570b636a-e1ac-418f-bf15-915f9d990533", "connection_name": "list_walmart_silver_business"} */

    
SELECT
  table_name,
  if(table_type IN ('EXTERNAL', 'MANAGED', 'MANAGED_SHALLOW_CLONE', 'EXTERNAL_SHALLOW_CLONE'), 'table', lower(table_type)) AS table_type,
  lower(data_source_format) AS file_format,
  table_owner,
  if(
    table_type IN (
      'EXTERNAL',
      'MANAGED',
      'MANAGED_SHALLOW_CLONE',
      'EXTERNAL_SHALLOW_CLONE'
    ),
    lower(table_type),
    NULL
  ) AS databricks_table_type
FROM `system`.`information_schema`.`tables`
WHERE table_catalog = 'walmart'
  AND table_schema = 'silver_business'

  
[0m20:15:34.284982 [debug] [ThreadPool]: Opening a new connection, currently in state init
[0m20:15:39.217082 [debug] [ThreadPool]: Databricks adapter: Connection(session-id=01f18eae-ed12-13ea-9697-772ec767aa4f) - Created
[0m20:15:39.876287 [debug] [ThreadPool]: SQL status: OK in 5.590 seconds
[0m20:15:39.884382 [debug] [ThreadPool]: Databricks adapter: Cursor(session-id=01f18eae-ed12-13ea-9697-772ec767aa4f, command-id=01f18eae-edea-186f-8d68-fc20a1659ab1) - Closing
[0m20:15:39.885652 [debug] [ThreadPool]: On list_walmart_silver_business: Close
[0m20:15:39.886445 [debug] [ThreadPool]: Databricks adapter: Connection(session-id=01f18eae-ed12-13ea-9697-772ec767aa4f) - Closing
[0m20:15:40.205911 [debug] [ThreadPool]: Databricks adapter: DatabricksDBTConnection(session-id=None, name=list_walmart_dbt_schema) - Creating connection
[0m20:15:40.207459 [debug] [ThreadPool]: Acquiring new databricks connection 'list_walmart_dbt_schema'
[0m20:15:40.210062 [debug] [ThreadPool]: Using databricks connection "list_walmart_dbt_schema"
[0m20:15:40.211038 [debug] [ThreadPool]: On list_walmart_dbt_schema: /* {"app": "dbt", "dbt_version": "1.12.0", "dbt_databricks_version": "1.12.3", "databricks_sql_connector_version": "4.3.0", "profile_name": "walmart_dbt_project", "target_name": "dev", "invocation_id": "570b636a-e1ac-418f-bf15-915f9d990533", "connection_name": "list_walmart_dbt_schema"} */

    
SELECT
  table_name,
  if(table_type IN ('EXTERNAL', 'MANAGED', 'MANAGED_SHALLOW_CLONE', 'EXTERNAL_SHALLOW_CLONE'), 'table', lower(table_type)) AS table_type,
  lower(data_source_format) AS file_format,
  table_owner,
  if(
    table_type IN (
      'EXTERNAL',
      'MANAGED',
      'MANAGED_SHALLOW_CLONE',
      'EXTERNAL_SHALLOW_CLONE'
    ),
    lower(table_type),
    NULL
  ) AS databricks_table_type
FROM `system`.`information_schema`.`tables`
WHERE table_catalog = 'walmart'
  AND table_schema = 'dbt_schema'

  
[0m20:15:40.212148 [debug] [ThreadPool]: Opening a new connection, currently in state init
[0m20:15:41.430631 [debug] [ThreadPool]: Databricks adapter: Connection(session-id=01f18eae-ef09-1f38-87a6-5840e0caf90d) - Created
[0m20:15:42.102806 [debug] [ThreadPool]: SQL status: OK in 1.890 seconds
[0m20:15:42.106333 [debug] [ThreadPool]: Databricks adapter: Cursor(session-id=01f18eae-ef09-1f38-87a6-5840e0caf90d, command-id=01f18eae-ef3c-1b63-a02b-72bf2c1dd739) - Closing
[0m20:15:42.107719 [debug] [ThreadPool]: On list_walmart_dbt_schema: Close
[0m20:15:42.108607 [debug] [ThreadPool]: Databricks adapter: Connection(session-id=01f18eae-ef09-1f38-87a6-5840e0caf90d) - Closing
[0m20:15:42.437059 [debug] [ThreadPool]: Databricks adapter: DatabricksDBTConnection(session-id=None, name=list_walmart_silver_technical) - Creating connection
[0m20:15:42.438984 [debug] [ThreadPool]: Acquiring new databricks connection 'list_walmart_silver_technical'
[0m20:15:42.446587 [debug] [ThreadPool]: Using databricks connection "list_walmart_silver_technical"
[0m20:15:42.447807 [debug] [ThreadPool]: On list_walmart_silver_technical: /* {"app": "dbt", "dbt_version": "1.12.0", "dbt_databricks_version": "1.12.3", "databricks_sql_connector_version": "4.3.0", "profile_name": "walmart_dbt_project", "target_name": "dev", "invocation_id": "570b636a-e1ac-418f-bf15-915f9d990533", "connection_name": "list_walmart_silver_technical"} */

    
SELECT
  table_name,
  if(table_type IN ('EXTERNAL', 'MANAGED', 'MANAGED_SHALLOW_CLONE', 'EXTERNAL_SHALLOW_CLONE'), 'table', lower(table_type)) AS table_type,
  lower(data_source_format) AS file_format,
  table_owner,
  if(
    table_type IN (
      'EXTERNAL',
      'MANAGED',
      'MANAGED_SHALLOW_CLONE',
      'EXTERNAL_SHALLOW_CLONE'
    ),
    lower(table_type),
    NULL
  ) AS databricks_table_type
FROM `system`.`information_schema`.`tables`
WHERE table_catalog = 'walmart'
  AND table_schema = 'silver_technical'

  
[0m20:15:42.449050 [debug] [ThreadPool]: Opening a new connection, currently in state init
[0m20:15:43.985157 [debug] [ThreadPool]: Databricks adapter: Connection(session-id=01f18eae-f092-117a-8739-77e156068718) - Created
[0m20:15:44.590159 [debug] [ThreadPool]: SQL status: OK in 2.140 seconds
[0m20:15:44.594025 [debug] [ThreadPool]: Databricks adapter: Cursor(session-id=01f18eae-f092-117a-8739-77e156068718, command-id=01f18eae-f0c2-103f-bec5-cb7fa1123cfb) - Closing
[0m20:15:44.595598 [debug] [ThreadPool]: On list_walmart_silver_technical: Close
[0m20:15:44.596485 [debug] [ThreadPool]: Databricks adapter: Connection(session-id=01f18eae-f092-117a-8739-77e156068718) - Closing
[0m20:15:44.913047 [debug] [ThreadPool]: Databricks adapter: DatabricksDBTConnection(session-id=None, name=list_walmart_gold) - Creating connection
[0m20:15:44.916502 [debug] [ThreadPool]: Acquiring new databricks connection 'list_walmart_gold'
[0m20:15:44.918770 [debug] [ThreadPool]: Using databricks connection "list_walmart_gold"
[0m20:15:44.920453 [debug] [ThreadPool]: On list_walmart_gold: /* {"app": "dbt", "dbt_version": "1.12.0", "dbt_databricks_version": "1.12.3", "databricks_sql_connector_version": "4.3.0", "profile_name": "walmart_dbt_project", "target_name": "dev", "invocation_id": "570b636a-e1ac-418f-bf15-915f9d990533", "connection_name": "list_walmart_gold"} */

    
SELECT
  table_name,
  if(table_type IN ('EXTERNAL', 'MANAGED', 'MANAGED_SHALLOW_CLONE', 'EXTERNAL_SHALLOW_CLONE'), 'table', lower(table_type)) AS table_type,
  lower(data_source_format) AS file_format,
  table_owner,
  if(
    table_type IN (
      'EXTERNAL',
      'MANAGED',
      'MANAGED_SHALLOW_CLONE',
      'EXTERNAL_SHALLOW_CLONE'
    ),
    lower(table_type),
    NULL
  ) AS databricks_table_type
FROM `system`.`information_schema`.`tables`
WHERE table_catalog = 'walmart'
  AND table_schema = 'gold'

  
[0m20:15:44.921682 [debug] [ThreadPool]: Opening a new connection, currently in state init
[0m20:15:46.128791 [debug] [ThreadPool]: Databricks adapter: Connection(session-id=01f18eae-f1d7-17bc-be09-5c58f6631bb5) - Created
[0m20:15:46.740710 [debug] [ThreadPool]: SQL status: OK in 1.820 seconds
[0m20:15:46.744326 [debug] [ThreadPool]: Databricks adapter: Cursor(session-id=01f18eae-f1d7-17bc-be09-5c58f6631bb5, command-id=01f18eae-f207-1dea-9203-51cba2090b9e) - Closing
[0m20:15:46.746836 [debug] [ThreadPool]: On list_walmart_gold: Close
[0m20:15:46.748177 [debug] [ThreadPool]: Databricks adapter: Connection(session-id=01f18eae-f1d7-17bc-be09-5c58f6631bb5) - Closing
[0m20:15:47.071936 [debug] [MainThread]: Sending event: {'category': 'dbt', 'action': 'runnable_timing', 'label': '570b636a-e1ac-418f-bf15-915f9d990533', 'context': [<snowplow_tracker.self_describing_json.SelfDescribingJson object at 0x7d0a1fc54bb0>]}
[0m20:15:47.081447 [debug] [Thread-5 (]: Began running node test.walmart_dbt_project.test_obt
[0m20:15:47.084172 [info ] [Thread-5 (]: 1 of 1 START test test_obt ..................................................... [RUN]
[0m20:15:47.087832 [debug] [Thread-5 (]: Databricks adapter: DatabricksDBTConnection(session-id=None, name=test.walmart_dbt_project.test_obt) - Creating connection
[0m20:15:47.089844 [debug] [Thread-5 (]: Acquiring new databricks connection 'test.walmart_dbt_project.test_obt'
[0m20:15:47.091450 [debug] [Thread-5 (]: Began compiling node test.walmart_dbt_project.test_obt
[0m20:15:47.110193 [debug] [Thread-5 (]: Writing injected SQL for node "test.walmart_dbt_project.test_obt"
[0m20:15:47.151647 [debug] [Thread-5 (]: Began executing node test.walmart_dbt_project.test_obt
[0m20:15:47.208064 [debug] [Thread-5 (]: Writing runtime sql for node "test.walmart_dbt_project.test_obt"
[0m20:15:47.249749 [debug] [Thread-5 (]: Using databricks connection "test.walmart_dbt_project.test_obt"
[0m20:15:47.251802 [debug] [Thread-5 (]: On test.walmart_dbt_project.test_obt: /* {"app": "dbt", "dbt_version": "1.12.0", "dbt_databricks_version": "1.12.3", "databricks_sql_connector_version": "4.3.0", "profile_name": "walmart_dbt_project", "target_name": "dev", "invocation_id": "570b636a-e1ac-418f-bf15-915f9d990533", "node_id": "test.walmart_dbt_project.test_obt"} */

    
    select
      count(*) as failures,
      count(*) != 0 as should_warn,
      count(*) != 0 as should_error
    from (
      
    
  

SELECT 1 
FROM 
    `walmart`.`silver_business`.`obt_b` AS obt
WHERE 
    obt.order_id IS NULL
OR
    obt.product_id IS NULL
OR
    obt.employee_id IS NULL
OR
    obt.store_id IS NULL
OR
    obt.order_item_id IS NULL
OR
    obt.customer_id IS NULL
  
  
      
    ) dbt_internal_test
[0m20:15:47.253371 [debug] [Thread-5 (]: Opening a new connection, currently in state init
[0m20:15:50.318641 [debug] [Thread-5 (]: Databricks adapter: Connection(session-id=01f18eae-f451-1d36-a980-15925ceddc0e) - Created
[0m20:15:51.606094 [debug] [Thread-5 (]: SQL status: OK in 4.350 seconds
[0m20:15:51.611647 [debug] [Thread-5 (]: Databricks adapter: Cursor(session-id=01f18eae-f451-1d36-a980-15925ceddc0e, command-id=01f18eae-f486-1c58-a918-81c6987a6295) - Closing
[0m20:15:51.617448 [debug] [Thread-5 (]: On test.walmart_dbt_project.test_obt: Close
[0m20:15:51.618453 [debug] [Thread-5 (]: Databricks adapter: Connection(session-id=01f18eae-f451-1d36-a980-15925ceddc0e) - Closing
[0m20:15:51.961277 [info ] [Thread-5 (]: 1 of 1 PASS test_obt ........................................................... [[32mPASS[0m in 4.87s]
[0m20:15:51.963744 [debug] [Thread-5 (]: Finished running node test.walmart_dbt_project.test_obt
[0m20:15:51.967628 [debug] [MainThread]: Databricks adapter: DatabricksDBTConnection(session-id=None, name=master) - Creating connection
[0m20:15:51.968400 [debug] [MainThread]: Acquiring new databricks connection 'master'
[0m20:15:51.969766 [info ] [MainThread]: 
[0m20:15:51.971225 [info ] [MainThread]: Finished running 1 test in 0 hours 0 minutes and 17.73 seconds (17.73s).
[0m20:15:51.972727 [debug] [MainThread]: Command end result
[0m20:15:52.116995 [debug] [MainThread]: Wrote artifact WritableManifest to /opt/airflow/walmart_dbt_project/target/manifest.json
[0m20:15:52.133508 [debug] [MainThread]: Wrote artifact SemanticManifest to /opt/airflow/walmart_dbt_project/target/semantic_manifest.json
[0m20:15:52.144192 [debug] [MainThread]: Wrote artifact OsiDocument to /opt/airflow/walmart_dbt_project/target/osi_document.json
[0m20:15:52.169705 [debug] [MainThread]: Wrote artifact RunExecutionResult to /opt/airflow/walmart_dbt_project/target/run_results.json
[0m20:15:52.170873 [info ] [MainThread]: 
[0m20:15:52.172230 [info ] [MainThread]: [32mCompleted successfully[0m
[0m20:15:52.174186 [info ] [MainThread]: 
[0m20:15:52.176145 [info ] [MainThread]: Done. PASS=1 WARN=0 ERROR=0 SKIP=0 NO-OP=0 REUSED=0 TOTAL=1
[0m20:15:52.179527 [debug] [MainThread]: Resource report: {"command_name": "test", "command_success": true, "command_wall_clock_time": 22.650318, "process_in_blocks": "0", "process_kernel_time": 1.002482, "process_mem_max_rss": "296048", "process_out_blocks": "0", "process_user_time": 8.359346}
[0m20:15:52.181493 [debug] [MainThread]: Command `dbt test` succeeded at 20:15:52.181191 after 22.65 seconds
[0m20:15:52.182625 [debug] [MainThread]: Sending event: {'category': 'dbt', 'action': 'invocation', 'label': 'end', 'context': [<snowplow_tracker.self_describing_json.SelfDescribingJson object at 0x7d0a5ab73c50>, <snowplow_tracker.self_describing_json.SelfDescribingJson object at 0x7d0a1fc10e10>, <snowplow_tracker.self_describing_json.SelfDescribingJson object at 0x7d0a1fc110d0>]}
[0m20:15:52.183828 [debug] [MainThread]: Flushing usage events
[0m20:15:53.214527 [debug] [MainThread]: An error was encountered while trying to flush usage events
[0m20:15:58.579070 [debug] [MainThread]: Sending event: {'category': 'dbt', 'action': 'invocation', 'label': 'start', 'context': [<snowplow_tracker.self_describing_json.SelfDescribingJson object at 0x70a6b6bcc590>, <snowplow_tracker.self_describing_json.SelfDescribingJson object at 0x70a6b9a94f50>, <snowplow_tracker.self_describing_json.SelfDescribingJson object at 0x70a6b58d7d90>]}


============================== 20:15:58.583632 | 4f918587-e697-49d5-9007-4b8f2ee32d0e ==============================
[0m20:15:58.583632 [info ] [MainThread]: Running with dbt=1.12.0
[0m20:15:58.585117 [debug] [MainThread]: running dbt with arguments {'quiet': 'False', 'profiles_dir': '/opt/airflow/walmart_dbt_project', 'introspect': 'True', 'log_format': 'default', 'warn_error_options': 'WarnErrorOptionsV2(error=[], warn=[], silence=[])', 'log_cache_events': 'False', 'static_parser': 'True', 'send_anonymous_usage_stats': 'True', 'no_print': 'None', 'invocation_command': 'dbt run --select gold/ephermeral', 'use_colors': 'True', 'hints_enabled': 'True', 'version_check': 'True', 'fail_fast': 'False', 'empty': 'False', 'maximum_seed_size_mib': '1', 'use_experimental_parser': 'False', 'log_path': '/opt/airflow/walmart_dbt_project/logs', 'target_path': 'None', 'warn_error': 'None', 'write_json': 'True', 'printer_width': '80', 'cache_selected_only': 'False', 'partial_parse': 'True', 'indirect_selection': 'eager', 'debug': 'False'}
[0m20:16:00.200262 [debug] [MainThread]: Spark adapter: Setting pyhive.hive logging to ERROR
[0m20:16:00.201580 [debug] [MainThread]: Spark adapter: Setting thrift.transport logging to ERROR
[0m20:16:00.202475 [debug] [MainThread]: Spark adapter: Setting thrift.protocol logging to ERROR
[0m20:16:01.930001 [debug] [MainThread]: Sending event: {'category': 'dbt', 'action': 'project_id', 'label': '4f918587-e697-49d5-9007-4b8f2ee32d0e', 'context': [<snowplow_tracker.self_describing_json.SelfDescribingJson object at 0x70a6b69b9810>]}
[0m20:16:02.055716 [debug] [MainThread]: Sending event: {'category': 'dbt', 'action': 'adapter_info', 'label': '4f918587-e697-49d5-9007-4b8f2ee32d0e', 'context': [<snowplow_tracker.self_describing_json.SelfDescribingJson object at 0x70a67b4097b0>]}
[0m20:16:02.058204 [info ] [MainThread]: Registered adapter: databricks=1.12.3
[0m20:16:02.305866 [debug] [MainThread]: checksum: 2cc2bfe6655d8990decf4293b303320fbf01ae4fb602131a9ec6ff506b2e8850, vars: {}, profile: walmart_dbt_project, target: dev, version: 1.12.0
[0m20:16:03.536850 [debug] [MainThread]: Partial parsing enabled: 0 files deleted, 0 files added, 0 files changed.
[0m20:16:03.538054 [debug] [MainThread]: Nothing changed, skipping partial parsing.
[0m20:16:03.539136 [debug] [MainThread]: Partial parsing enabled, no changes found, skipping parsing
[0m20:16:03.558301 [debug] [MainThread]: Sending event: {'category': 'dbt', 'action': 'load_project', 'label': '4f918587-e697-49d5-9007-4b8f2ee32d0e', 'context': [<snowplow_tracker.self_describing_json.SelfDescribingJson object at 0x70a67ad49950>]}
[0m20:16:04.005543 [debug] [MainThread]: Wrote artifact WritableManifest to /opt/airflow/walmart_dbt_project/target/manifest.json
[0m20:16:04.018119 [debug] [MainThread]: Wrote artifact SemanticManifest to /opt/airflow/walmart_dbt_project/target/semantic_manifest.json
[0m20:16:04.051418 [debug] [MainThread]: Wrote artifact OsiDocument to /opt/airflow/walmart_dbt_project/target/osi_document.json
[0m20:16:04.098898 [debug] [MainThread]: Sending event: {'category': 'dbt', 'action': 'resource_counts', 'label': '4f918587-e697-49d5-9007-4b8f2ee32d0e', 'context': [<snowplow_tracker.self_describing_json.SelfDescribingJson object at 0x70a67adc96d0>]}
[0m20:16:04.100679 [info ] [MainThread]: Found 14 models, 1 analysis, 5 data tests, 5 snapshots, 6 sources, 774 macros
[0m20:16:04.102593 [debug] [MainThread]: Sending event: {'category': 'dbt', 'action': 'runnable_timing', 'label': '4f918587-e697-49d5-9007-4b8f2ee32d0e', 'context': [<snowplow_tracker.self_describing_json.SelfDescribingJson object at 0x70a67af23d90>]}
[0m20:16:04.107145 [warn ] [MainThread]: [[33mWARNING[0m]: The selection criterion 'gold/ephermeral' does not match any enabled nodes
[0m20:16:04.110515 [warn ] [MainThread]: [[33mWARNING[0m]: Nothing to do. Try checking your model configs and model specification args
[0m20:16:04.113789 [debug] [MainThread]: Command end result
[0m20:16:04.244147 [debug] [MainThread]: Wrote artifact WritableManifest to /opt/airflow/walmart_dbt_project/target/manifest.json
[0m20:16:04.253335 [debug] [MainThread]: Wrote artifact SemanticManifest to /opt/airflow/walmart_dbt_project/target/semantic_manifest.json
[0m20:16:04.264912 [debug] [MainThread]: Wrote artifact OsiDocument to /opt/airflow/walmart_dbt_project/target/osi_document.json
[0m20:16:04.274661 [debug] [MainThread]: Wrote artifact RunExecutionResult to /opt/airflow/walmart_dbt_project/target/run_results.json
[0m20:16:04.277324 [debug] [MainThread]: Resource report: {"command_name": "run", "command_success": true, "command_wall_clock_time": 5.8405504, "process_in_blocks": "0", "process_kernel_time": 0.996951, "process_mem_max_rss": "280624", "process_out_blocks": "0", "process_user_time": 7.658038}
[0m20:16:04.278577 [debug] [MainThread]: Command `dbt run` succeeded at 20:16:04.278387 after 5.84 seconds
[0m20:16:04.279491 [debug] [MainThread]: Sending event: {'category': 'dbt', 'action': 'invocation', 'label': 'end', 'context': [<snowplow_tracker.self_describing_json.SelfDescribingJson object at 0x70a67ac08fc0>, <snowplow_tracker.self_describing_json.SelfDescribingJson object at 0x70a6b5b67c50>, <snowplow_tracker.self_describing_json.SelfDescribingJson object at 0x70a67af3d010>]}
[0m20:16:04.280279 [debug] [MainThread]: Flushing usage events
[0m20:16:06.242577 [debug] [MainThread]: An error was encountered while trying to flush usage events
[0m20:16:15.793551 [debug] [MainThread]: Sending event: {'category': 'dbt', 'action': 'invocation', 'label': 'start', 'context': [<snowplow_tracker.self_describing_json.SelfDescribingJson object at 0x7fc00bec0590>, <snowplow_tracker.self_describing_json.SelfDescribingJson object at 0x7fc00edb4f50>, <snowplow_tracker.self_describing_json.SelfDescribingJson object at 0x7fc00abcbd90>]}


============================== 20:16:15.798288 | bab40669-912a-474a-a5c0-b381310c55d6 ==============================
[0m20:16:15.798288 [info ] [MainThread]: Running with dbt=1.12.0
[0m20:16:15.799467 [debug] [MainThread]: running dbt with arguments {'hints_enabled': 'True', 'empty': 'False', 'indirect_selection': 'eager', 'printer_width': '80', 'cache_selected_only': 'False', 'maximum_seed_size_mib': '1', 'version_check': 'True', 'write_json': 'True', 'log_path': '/opt/airflow/walmart_dbt_project/logs', 'target_path': 'None', 'introspect': 'True', 'profiles_dir': '/opt/airflow/walmart_dbt_project', 'static_parser': 'True', 'partial_parse': 'True', 'warn_error_options': 'WarnErrorOptionsV2(error=[], warn=[], silence=[])', 'log_cache_events': 'False', 'log_format': 'default', 'quiet': 'False', 'use_experimental_parser': 'False', 'use_colors': 'True', 'send_anonymous_usage_stats': 'True', 'debug': 'False', 'no_print': 'None', 'fail_fast': 'False', 'invocation_command': 'dbt snapshot', 'warn_error': 'None'}
[0m20:16:17.090471 [debug] [MainThread]: Spark adapter: Setting pyhive.hive logging to ERROR
[0m20:16:17.093113 [debug] [MainThread]: Spark adapter: Setting thrift.transport logging to ERROR
[0m20:16:17.094727 [debug] [MainThread]: Spark adapter: Setting thrift.protocol logging to ERROR
[0m20:16:18.219426 [debug] [MainThread]: Sending event: {'category': 'dbt', 'action': 'project_id', 'label': 'bab40669-912a-474a-a5c0-b381310c55d6', 'context': [<snowplow_tracker.self_describing_json.SelfDescribingJson object at 0x7fc00bcad810>]}
[0m20:16:18.308850 [debug] [MainThread]: Sending event: {'category': 'dbt', 'action': 'adapter_info', 'label': 'bab40669-912a-474a-a5c0-b381310c55d6', 'context': [<snowplow_tracker.self_describing_json.SelfDescribingJson object at 0x7fbfd49117b0>]}
[0m20:16:18.311002 [info ] [MainThread]: Registered adapter: databricks=1.12.3
[0m20:16:18.543910 [debug] [MainThread]: checksum: 2cc2bfe6655d8990decf4293b303320fbf01ae4fb602131a9ec6ff506b2e8850, vars: {}, profile: walmart_dbt_project, target: dev, version: 1.12.0
[0m20:16:19.560921 [debug] [MainThread]: Partial parsing enabled: 0 files deleted, 0 files added, 0 files changed.
[0m20:16:19.563670 [debug] [MainThread]: Nothing changed, skipping partial parsing.
[0m20:16:19.566362 [debug] [MainThread]: Partial parsing enabled, no changes found, skipping parsing
[0m20:16:19.601780 [debug] [MainThread]: Sending event: {'category': 'dbt', 'action': 'load_project', 'label': 'bab40669-912a-474a-a5c0-b381310c55d6', 'context': [<snowplow_tracker.self_describing_json.SelfDescribingJson object at 0x7fbfd41fd950>]}
[0m20:16:20.081107 [debug] [MainThread]: Wrote artifact WritableManifest to /opt/airflow/walmart_dbt_project/target/manifest.json
[0m20:16:20.091494 [debug] [MainThread]: Wrote artifact SemanticManifest to /opt/airflow/walmart_dbt_project/target/semantic_manifest.json
[0m20:16:20.116878 [debug] [MainThread]: Wrote artifact OsiDocument to /opt/airflow/walmart_dbt_project/target/osi_document.json
[0m20:16:20.172618 [debug] [MainThread]: Sending event: {'category': 'dbt', 'action': 'resource_counts', 'label': 'bab40669-912a-474a-a5c0-b381310c55d6', 'context': [<snowplow_tracker.self_describing_json.SelfDescribingJson object at 0x7fbfd42b57c0>]}
[0m20:16:20.174404 [info ] [MainThread]: Found 14 models, 1 analysis, 5 data tests, 5 snapshots, 6 sources, 774 macros
[0m20:16:20.175677 [debug] [MainThread]: Sending event: {'category': 'dbt', 'action': 'runnable_timing', 'label': 'bab40669-912a-474a-a5c0-b381310c55d6', 'context': [<snowplow_tracker.self_describing_json.SelfDescribingJson object at 0x7fbfd43a7bd0>]}
[0m20:16:20.181488 [info ] [MainThread]: 
[0m20:16:20.182635 [info ] [MainThread]: Concurrency: 1 threads (target='dev')
[0m20:16:20.183643 [info ] [MainThread]: 
[0m20:16:20.184859 [debug] [MainThread]: Databricks adapter: DatabricksDBTConnection(session-id=None, name=master) - Creating connection
[0m20:16:20.185926 [debug] [MainThread]: Acquiring new databricks connection 'master'
[0m20:16:20.197270 [debug] [ThreadPool]: Databricks adapter: DatabricksDBTConnection(session-id=None, name=list_walmart) - Creating connection
[0m20:16:20.198865 [debug] [ThreadPool]: Acquiring new databricks connection 'list_walmart'
[0m20:16:20.222057 [debug] [ThreadPool]: Using databricks connection "list_walmart"
[0m20:16:20.222983 [debug] [ThreadPool]: On list_walmart: /* {"app": "dbt", "dbt_version": "1.12.0", "dbt_databricks_version": "1.12.3", "databricks_sql_connector_version": "4.3.0", "profile_name": "walmart_dbt_project", "target_name": "dev", "invocation_id": "bab40669-912a-474a-a5c0-b381310c55d6", "connection_name": "list_walmart"} */

    

  SHOW SCHEMAS IN `walmart`


  
[0m20:16:20.223840 [debug] [ThreadPool]: Opening a new connection, currently in state init
[0m20:16:24.803067 [debug] [ThreadPool]: Databricks adapter: Connection(session-id=01f18eaf-0832-1e2f-87f0-21f55bc1c4cd) - Created
[0m20:16:25.434004 [debug] [ThreadPool]: SQL status: OK in 5.210 seconds
[0m20:16:25.446368 [debug] [ThreadPool]: Databricks adapter: Cursor(session-id=01f18eaf-0832-1e2f-87f0-21f55bc1c4cd, command-id=01f18eaf-090e-1834-a586-2f26e166d416) - Closing
[0m20:16:25.448916 [debug] [ThreadPool]: On list_walmart: Close
[0m20:16:25.450744 [debug] [ThreadPool]: Databricks adapter: Connection(session-id=01f18eaf-0832-1e2f-87f0-21f55bc1c4cd) - Closing
[0m20:16:25.809848 [debug] [ThreadPool]: Databricks adapter: DatabricksDBTConnection(session-id=None, name=list_walmart_gold) - Creating connection
[0m20:16:25.810879 [debug] [ThreadPool]: Acquiring new databricks connection 'list_walmart_gold'
[0m20:16:25.816693 [debug] [ThreadPool]: Using databricks connection "list_walmart_gold"
[0m20:16:25.817623 [debug] [ThreadPool]: On list_walmart_gold: /* {"app": "dbt", "dbt_version": "1.12.0", "dbt_databricks_version": "1.12.3", "databricks_sql_connector_version": "4.3.0", "profile_name": "walmart_dbt_project", "target_name": "dev", "invocation_id": "bab40669-912a-474a-a5c0-b381310c55d6", "connection_name": "list_walmart_gold"} */

    
SELECT
  table_name,
  if(table_type IN ('EXTERNAL', 'MANAGED', 'MANAGED_SHALLOW_CLONE', 'EXTERNAL_SHALLOW_CLONE'), 'table', lower(table_type)) AS table_type,
  lower(data_source_format) AS file_format,
  table_owner,
  if(
    table_type IN (
      'EXTERNAL',
      'MANAGED',
      'MANAGED_SHALLOW_CLONE',
      'EXTERNAL_SHALLOW_CLONE'
    ),
    lower(table_type),
    NULL
  ) AS databricks_table_type
FROM `system`.`information_schema`.`tables`
WHERE table_catalog = 'walmart'
  AND table_schema = 'gold'

  
[0m20:16:25.818730 [debug] [ThreadPool]: Opening a new connection, currently in state init
[0m20:16:27.429749 [debug] [ThreadPool]: Databricks adapter: Connection(session-id=01f18eaf-0a62-1fec-96ce-fd482fb3a82e) - Created
[0m20:16:28.192298 [debug] [ThreadPool]: SQL status: OK in 2.370 seconds
[0m20:16:28.196873 [debug] [ThreadPool]: Databricks adapter: Cursor(session-id=01f18eaf-0a62-1fec-96ce-fd482fb3a82e, command-id=01f18eaf-0a99-1fd2-916c-ded258780140) - Closing
[0m20:16:28.198559 [debug] [ThreadPool]: On list_walmart_gold: Close
[0m20:16:28.199573 [debug] [ThreadPool]: Databricks adapter: Connection(session-id=01f18eaf-0a62-1fec-96ce-fd482fb3a82e) - Closing
[0m20:16:28.544964 [debug] [ThreadPool]: Databricks adapter: DatabricksDBTConnection(session-id=None, name=list_walmart_silver_technical) - Creating connection
[0m20:16:28.547573 [debug] [ThreadPool]: Acquiring new databricks connection 'list_walmart_silver_technical'
[0m20:16:28.549801 [debug] [ThreadPool]: Using databricks connection "list_walmart_silver_technical"
[0m20:16:28.551300 [debug] [ThreadPool]: On list_walmart_silver_technical: /* {"app": "dbt", "dbt_version": "1.12.0", "dbt_databricks_version": "1.12.3", "databricks_sql_connector_version": "4.3.0", "profile_name": "walmart_dbt_project", "target_name": "dev", "invocation_id": "bab40669-912a-474a-a5c0-b381310c55d6", "connection_name": "list_walmart_silver_technical"} */

    
SELECT
  table_name,
  if(table_type IN ('EXTERNAL', 'MANAGED', 'MANAGED_SHALLOW_CLONE', 'EXTERNAL_SHALLOW_CLONE'), 'table', lower(table_type)) AS table_type,
  lower(data_source_format) AS file_format,
  table_owner,
  if(
    table_type IN (
      'EXTERNAL',
      'MANAGED',
      'MANAGED_SHALLOW_CLONE',
      'EXTERNAL_SHALLOW_CLONE'
    ),
    lower(table_type),
    NULL
  ) AS databricks_table_type
FROM `system`.`information_schema`.`tables`
WHERE table_catalog = 'walmart'
  AND table_schema = 'silver_technical'

  
[0m20:16:28.552839 [debug] [ThreadPool]: Opening a new connection, currently in state init
[0m20:16:29.808285 [debug] [ThreadPool]: Databricks adapter: Connection(session-id=01f18eaf-0bc4-12ed-9a90-60c5cd96ae60) - Created
[0m20:16:30.673366 [debug] [ThreadPool]: SQL status: OK in 2.120 seconds
[0m20:16:30.677929 [debug] [ThreadPool]: Databricks adapter: Cursor(session-id=01f18eaf-0bc4-12ed-9a90-60c5cd96ae60, command-id=01f18eaf-0c02-13f5-904d-e421565ae7a9) - Closing
[0m20:16:30.679457 [debug] [ThreadPool]: On list_walmart_silver_technical: Close
[0m20:16:30.680503 [debug] [ThreadPool]: Databricks adapter: Connection(session-id=01f18eaf-0bc4-12ed-9a90-60c5cd96ae60) - Closing
[0m20:16:31.011276 [debug] [ThreadPool]: Databricks adapter: DatabricksDBTConnection(session-id=None, name=list_walmart_silver_business) - Creating connection
[0m20:16:31.014522 [debug] [ThreadPool]: Acquiring new databricks connection 'list_walmart_silver_business'
[0m20:16:31.016429 [debug] [ThreadPool]: Using databricks connection "list_walmart_silver_business"
[0m20:16:31.017642 [debug] [ThreadPool]: On list_walmart_silver_business: /* {"app": "dbt", "dbt_version": "1.12.0", "dbt_databricks_version": "1.12.3", "databricks_sql_connector_version": "4.3.0", "profile_name": "walmart_dbt_project", "target_name": "dev", "invocation_id": "bab40669-912a-474a-a5c0-b381310c55d6", "connection_name": "list_walmart_silver_business"} */

    
SELECT
  table_name,
  if(table_type IN ('EXTERNAL', 'MANAGED', 'MANAGED_SHALLOW_CLONE', 'EXTERNAL_SHALLOW_CLONE'), 'table', lower(table_type)) AS table_type,
  lower(data_source_format) AS file_format,
  table_owner,
  if(
    table_type IN (
      'EXTERNAL',
      'MANAGED',
      'MANAGED_SHALLOW_CLONE',
      'EXTERNAL_SHALLOW_CLONE'
    ),
    lower(table_type),
    NULL
  ) AS databricks_table_type
FROM `system`.`information_schema`.`tables`
WHERE table_catalog = 'walmart'
  AND table_schema = 'silver_business'

  
[0m20:16:31.018907 [debug] [ThreadPool]: Opening a new connection, currently in state init
[0m20:16:32.190985 [debug] [ThreadPool]: Databricks adapter: Connection(session-id=01f18eaf-0d39-1c87-a70e-97bb592c7203) - Created
[0m20:16:33.120362 [debug] [ThreadPool]: SQL status: OK in 2.100 seconds
[0m20:16:33.124302 [debug] [ThreadPool]: Databricks adapter: Cursor(session-id=01f18eaf-0d39-1c87-a70e-97bb592c7203, command-id=01f18eaf-0d6a-1ccd-945c-2f124ed4c33d) - Closing
[0m20:16:33.125454 [debug] [ThreadPool]: On list_walmart_silver_business: Close
[0m20:16:33.126300 [debug] [ThreadPool]: Databricks adapter: Connection(session-id=01f18eaf-0d39-1c87-a70e-97bb592c7203) - Closing
[0m20:16:33.495750 [debug] [ThreadPool]: Databricks adapter: DatabricksDBTConnection(session-id=None, name=list_walmart_dbt_schema) - Creating connection
[0m20:16:33.497570 [debug] [ThreadPool]: Acquiring new databricks connection 'list_walmart_dbt_schema'
[0m20:16:33.500420 [debug] [ThreadPool]: Using databricks connection "list_walmart_dbt_schema"
[0m20:16:33.501770 [debug] [ThreadPool]: On list_walmart_dbt_schema: /* {"app": "dbt", "dbt_version": "1.12.0", "dbt_databricks_version": "1.12.3", "databricks_sql_connector_version": "4.3.0", "profile_name": "walmart_dbt_project", "target_name": "dev", "invocation_id": "bab40669-912a-474a-a5c0-b381310c55d6", "connection_name": "list_walmart_dbt_schema"} */

    
SELECT
  table_name,
  if(table_type IN ('EXTERNAL', 'MANAGED', 'MANAGED_SHALLOW_CLONE', 'EXTERNAL_SHALLOW_CLONE'), 'table', lower(table_type)) AS table_type,
  lower(data_source_format) AS file_format,
  table_owner,
  if(
    table_type IN (
      'EXTERNAL',
      'MANAGED',
      'MANAGED_SHALLOW_CLONE',
      'EXTERNAL_SHALLOW_CLONE'
    ),
    lower(table_type),
    NULL
  ) AS databricks_table_type
FROM `system`.`information_schema`.`tables`
WHERE table_catalog = 'walmart'
  AND table_schema = 'dbt_schema'

  
[0m20:16:33.502791 [debug] [ThreadPool]: Opening a new connection, currently in state init
[0m20:16:35.072138 [debug] [ThreadPool]: Databricks adapter: Connection(session-id=01f18eaf-0f00-1784-a5fa-3051df4c52de) - Created
[0m20:16:35.980391 [debug] [ThreadPool]: SQL status: OK in 2.480 seconds
[0m20:16:35.983494 [debug] [ThreadPool]: Databricks adapter: Cursor(session-id=01f18eaf-0f00-1784-a5fa-3051df4c52de, command-id=01f18eaf-0f31-1b83-bf75-9e6301608f07) - Closing
[0m20:16:35.985253 [debug] [ThreadPool]: On list_walmart_dbt_schema: Close
[0m20:16:35.986227 [debug] [ThreadPool]: Databricks adapter: Connection(session-id=01f18eaf-0f00-1784-a5fa-3051df4c52de) - Closing
[0m20:16:36.363842 [debug] [MainThread]: Sending event: {'category': 'dbt', 'action': 'runnable_timing', 'label': 'bab40669-912a-474a-a5c0-b381310c55d6', 'context': [<snowplow_tracker.self_describing_json.SelfDescribingJson object at 0x7fbfd40c7e10>]}
[0m20:16:36.370792 [debug] [Thread-6 (]: Began running node snapshot.walmart_dbt_project.dim_customers
[0m20:16:36.372121 [info ] [Thread-6 (]: 1 of 5 START snapshot gold.dim_customers ....................................... [RUN]
[0m20:16:36.373632 [debug] [Thread-6 (]: Databricks adapter: DatabricksDBTConnection(session-id=None, name=snapshot.walmart_dbt_project.dim_customers) - Creating connection
[0m20:16:36.374658 [debug] [Thread-6 (]: Acquiring new databricks connection 'snapshot.walmart_dbt_project.dim_customers'
[0m20:16:36.376071 [debug] [Thread-6 (]: Began compiling node snapshot.walmart_dbt_project.dim_customers
[0m20:16:36.386637 [debug] [Thread-6 (]: Writing injected SQL for node "snapshot.walmart_dbt_project.dim_customers"
[0m20:16:36.420622 [debug] [Thread-6 (]: Writing injected SQL for node "snapshot.walmart_dbt_project.dim_customers"
[0m20:16:36.445693 [debug] [Thread-6 (]: Began executing node snapshot.walmart_dbt_project.dim_customers
[0m20:16:36.509201 [debug] [Thread-6 (]: Using databricks connection "snapshot.walmart_dbt_project.dim_customers"
[0m20:16:36.510163 [debug] [Thread-6 (]: On snapshot.walmart_dbt_project.dim_customers: /* {"app": "dbt", "dbt_version": "1.12.0", "dbt_databricks_version": "1.12.3", "databricks_sql_connector_version": "4.3.0", "profile_name": "walmart_dbt_project", "target_name": "dev", "invocation_id": "bab40669-912a-474a-a5c0-b381310c55d6", "node_id": "snapshot.walmart_dbt_project.dim_customers"} */

    
  DESCRIBE TABLE EXTENDED `walmart`.`gold`.`dim_customers` AS JSON

  
[0m20:16:36.511222 [debug] [Thread-6 (]: Opening a new connection, currently in state init
[0m20:16:38.680405 [debug] [Thread-6 (]: Databricks adapter: Connection(session-id=01f18eaf-112c-1f31-8389-48db9e31132b) - Created
[0m20:16:39.586012 [debug] [Thread-6 (]: SQL status: OK in 3.070 seconds
[0m20:16:39.589948 [debug] [Thread-6 (]: Databricks adapter: Cursor(session-id=01f18eaf-112c-1f31-8389-48db9e31132b, command-id=01f18eaf-115c-16f8-8fa0-c0fd31a57ccc) - Closing
[0m20:16:39.676363 [debug] [Thread-6 (]: Using databricks connection "snapshot.walmart_dbt_project.dim_customers"
[0m20:16:39.677391 [debug] [Thread-6 (]: On snapshot.walmart_dbt_project.dim_customers: /* {"app": "dbt", "dbt_version": "1.12.0", "dbt_databricks_version": "1.12.3", "databricks_sql_connector_version": "4.3.0", "profile_name": "walmart_dbt_project", "target_name": "dev", "invocation_id": "bab40669-912a-474a-a5c0-b381310c55d6", "node_id": "snapshot.walmart_dbt_project.dim_customers"} */

        
  
    create or replace temporary view `dim_customers__dbt_tmp` as
      
    
    with snapshot_query as (

        with __dbt__cte__eph_customers as (
SELECT 
    DISTINCT
    customer_id,
    customer_first_name,
    customer_last_name,
    customer_email,
    customer_phone,
    customer_city,
    customer_province,
    customer_country,
    customer_created_timestamp,
    customer_updated_timestamp,
    customer_is_active,
    customer_processed_at,
    CURRENT_TIMESTAMP() AS customer_gold_processed_at
FROM 
    `walmart`.`silver_business`.`obt_b`
) select * from __dbt__cte__eph_customers

    ),

    snapshotted_data as (

        select *, 
    
        customer_id as dbt_unique_key
    

        from `walmart`.`gold`.`dim_customers`
        where
            
                
                

                
                ( (dbt_valid_to = to_date('9999-12-31'))
 or dbt_valid_to is null )
            

    ),

    insertions_source_data as (

        select *, 
    
        customer_id as dbt_unique_key
    
,
            customer_updated_timestamp as dbt_updated_at,
            customer_updated_timestamp as dbt_valid_from,
            
  
  coalesce(nullif(customer_updated_timestamp, customer_updated_timestamp), to_date('9999-12-31'))
  as dbt_valid_to
,
            md5(coalesce(cast(customer_id as string ), '')
         || '|' || coalesce(cast(customer_updated_timestamp as string ), '')
        ) as dbt_scd_id

        from snapshot_query
    ),

    updates_source_data as (

        select *, 
    
        customer_id as dbt_unique_key
    
,
            customer_updated_timestamp as dbt_updated_at,
            customer_updated_timestamp as dbt_valid_from,
            customer_updated_timestamp as dbt_valid_to

        from snapshot_query
    ),

    insertions as (

        select
            'insert' as dbt_change_type,
            source_data.*

        from insertions_source_data as source_data
        left outer join snapshotted_data
            on 
    
        snapshotted_data.dbt_unique_key = source_data.dbt_unique_key
    

            where 
    
        snapshotted_data.dbt_unique_key is null
    

            or (
    
        snapshotted_data.dbt_unique_key is not null
    
 and (
                (snapshotted_data.dbt_valid_from < source_data.customer_updated_timestamp)
            )

        )

    ),

    updates as (

        select
            'update' as dbt_change_type,
            source_data.*,
            snapshotted_data.dbt_scd_id

        from updates_source_data as source_data
        join snapshotted_data
            on 
    
        snapshotted_data.dbt_unique_key = source_data.dbt_unique_key
    

        where (
            (snapshotted_data.dbt_valid_from < source_data.customer_updated_timestamp)
        )
    )

    select * from insertions
    union all
    select * from updates

  
    
[0m20:16:40.788448 [debug] [Thread-6 (]: SQL status: OK in 1.110 seconds
[0m20:16:40.793061 [debug] [Thread-6 (]: Databricks adapter: Cursor(session-id=01f18eaf-112c-1f31-8389-48db9e31132b, command-id=01f18eaf-1229-12da-8fcc-289848da3aca) - Closing
[0m20:16:40.797412 [debug] [Thread-6 (]: Using databricks connection "snapshot.walmart_dbt_project.dim_customers"
[0m20:16:40.800270 [debug] [Thread-6 (]: On snapshot.walmart_dbt_project.dim_customers: /* {"app": "dbt", "dbt_version": "1.12.0", "dbt_databricks_version": "1.12.3", "databricks_sql_connector_version": "4.3.0", "profile_name": "walmart_dbt_project", "target_name": "dev", "invocation_id": "bab40669-912a-474a-a5c0-b381310c55d6", "node_id": "snapshot.walmart_dbt_project.dim_customers"} */

    
  DESCRIBE TABLE EXTENDED `dim_customers__dbt_tmp` AS JSON

  
[0m20:16:41.162758 [debug] [Thread-6 (]: SQL status: OK in 0.360 seconds
[0m20:16:41.166448 [debug] [Thread-6 (]: Databricks adapter: Cursor(session-id=01f18eaf-112c-1f31-8389-48db9e31132b, command-id=01f18eaf-12a0-1f96-b183-3d2578078f9e) - Closing
[0m20:16:41.168604 [debug] [Thread-6 (]: Using databricks connection "snapshot.walmart_dbt_project.dim_customers"
[0m20:16:41.169484 [debug] [Thread-6 (]: On snapshot.walmart_dbt_project.dim_customers: /* {"app": "dbt", "dbt_version": "1.12.0", "dbt_databricks_version": "1.12.3", "databricks_sql_connector_version": "4.3.0", "profile_name": "walmart_dbt_project", "target_name": "dev", "invocation_id": "bab40669-912a-474a-a5c0-b381310c55d6", "node_id": "snapshot.walmart_dbt_project.dim_customers"} */

    
  DESCRIBE TABLE EXTENDED `walmart`.`gold`.`dim_customers` AS JSON

  
[0m20:16:41.784032 [debug] [Thread-6 (]: SQL status: OK in 0.610 seconds
[0m20:16:41.786824 [debug] [Thread-6 (]: Databricks adapter: Cursor(session-id=01f18eaf-112c-1f31-8389-48db9e31132b, command-id=01f18eaf-12d9-10de-9815-fca18fe634bb) - Closing
[0m20:16:41.789212 [debug] [Thread-6 (]: Using databricks connection "snapshot.walmart_dbt_project.dim_customers"
[0m20:16:41.790833 [debug] [Thread-6 (]: On snapshot.walmart_dbt_project.dim_customers: /* {"app": "dbt", "dbt_version": "1.12.0", "dbt_databricks_version": "1.12.3", "databricks_sql_connector_version": "4.3.0", "profile_name": "walmart_dbt_project", "target_name": "dev", "invocation_id": "bab40669-912a-474a-a5c0-b381310c55d6", "node_id": "snapshot.walmart_dbt_project.dim_customers"} */

    
  DESCRIBE TABLE EXTENDED `dim_customers__dbt_tmp` AS JSON

  
[0m20:16:42.160334 [debug] [Thread-6 (]: SQL status: OK in 0.370 seconds
[0m20:16:42.163000 [debug] [Thread-6 (]: Databricks adapter: Cursor(session-id=01f18eaf-112c-1f31-8389-48db9e31132b, command-id=01f18eaf-1338-17a8-bacc-fdb86061b057) - Closing
[0m20:16:42.165354 [debug] [Thread-6 (]: Using databricks connection "snapshot.walmart_dbt_project.dim_customers"
[0m20:16:42.166499 [debug] [Thread-6 (]: On snapshot.walmart_dbt_project.dim_customers: /* {"app": "dbt", "dbt_version": "1.12.0", "dbt_databricks_version": "1.12.3", "databricks_sql_connector_version": "4.3.0", "profile_name": "walmart_dbt_project", "target_name": "dev", "invocation_id": "bab40669-912a-474a-a5c0-b381310c55d6", "node_id": "snapshot.walmart_dbt_project.dim_customers"} */

    
  DESCRIBE TABLE EXTENDED `walmart`.`gold`.`dim_customers` AS JSON

  
[0m20:16:42.758026 [debug] [Thread-6 (]: SQL status: OK in 0.590 seconds
[0m20:16:42.761269 [debug] [Thread-6 (]: Databricks adapter: Cursor(session-id=01f18eaf-112c-1f31-8389-48db9e31132b, command-id=01f18eaf-1371-1a2d-81cc-36e5f860a6df) - Closing
[0m20:16:42.768638 [debug] [Thread-6 (]: Using databricks connection "snapshot.walmart_dbt_project.dim_customers"
[0m20:16:42.770041 [debug] [Thread-6 (]: On snapshot.walmart_dbt_project.dim_customers: /* {"app": "dbt", "dbt_version": "1.12.0", "dbt_databricks_version": "1.12.3", "databricks_sql_connector_version": "4.3.0", "profile_name": "walmart_dbt_project", "target_name": "dev", "invocation_id": "bab40669-912a-474a-a5c0-b381310c55d6", "node_id": "snapshot.walmart_dbt_project.dim_customers"} */

    
  DESCRIBE TABLE EXTENDED `dim_customers__dbt_tmp` AS JSON

  
[0m20:16:43.130955 [debug] [Thread-6 (]: SQL status: OK in 0.360 seconds
[0m20:16:43.134160 [debug] [Thread-6 (]: Databricks adapter: Cursor(session-id=01f18eaf-112c-1f31-8389-48db9e31132b, command-id=01f18eaf-13cd-1534-94e8-59949aa1ada0) - Closing
[0m20:16:43.157935 [debug] [Thread-6 (]: Using databricks connection "snapshot.walmart_dbt_project.dim_customers"
[0m20:16:43.159206 [debug] [Thread-6 (]: On snapshot.walmart_dbt_project.dim_customers: /* {"app": "dbt", "dbt_version": "1.12.0", "dbt_databricks_version": "1.12.3", "databricks_sql_connector_version": "4.3.0", "profile_name": "walmart_dbt_project", "target_name": "dev", "invocation_id": "bab40669-912a-474a-a5c0-b381310c55d6", "node_id": "snapshot.walmart_dbt_project.dim_customers"} */
select * from (
        
    
    with snapshot_query as (

        with __dbt__cte__eph_customers as (
SELECT 
    DISTINCT
    customer_id,
    customer_first_name,
    customer_last_name,
    customer_email,
    customer_phone,
    customer_city,
    customer_province,
    customer_country,
    customer_created_timestamp,
    customer_updated_timestamp,
    customer_is_active,
    customer_processed_at,
    CURRENT_TIMESTAMP() AS customer_gold_processed_at
FROM 
    `walmart`.`silver_business`.`obt_b`
) select * from __dbt__cte__eph_customers

    ),

    snapshotted_data as (

        select *, 
    
        customer_id as dbt_unique_key
    

        from `walmart`.`gold`.`dim_customers`
        where
            
                
                

                
                ( (dbt_valid_to = to_date('9999-12-31'))
 or dbt_valid_to is null )
            

    ),

    insertions_source_data as (

        select *, 
    
        customer_id as dbt_unique_key
    
,
            customer_updated_timestamp as dbt_updated_at,
            customer_updated_timestamp as dbt_valid_from,
            
  
  coalesce(nullif(customer_updated_timestamp, customer_updated_timestamp), to_date('9999-12-31'))
  as dbt_valid_to
,
            md5(coalesce(cast(customer_id as string ), '')
         || '|' || coalesce(cast(customer_updated_timestamp as string ), '')
        ) as dbt_scd_id

        from snapshot_query
    ),

    updates_source_data as (

        select *, 
    
        customer_id as dbt_unique_key
    
,
            customer_updated_timestamp as dbt_updated_at,
            customer_updated_timestamp as dbt_valid_from,
            customer_updated_timestamp as dbt_valid_to

        from snapshot_query
    ),

    insertions as (

        select
            'insert' as dbt_change_type,
            source_data.*

        from insertions_source_data as source_data
        left outer join snapshotted_data
            on 
    
        snapshotted_data.dbt_unique_key = source_data.dbt_unique_key
    

            where 
    
        snapshotted_data.dbt_unique_key is null
    

            or (
    
        snapshotted_data.dbt_unique_key is not null
    
 and (
                (snapshotted_data.dbt_valid_from < source_data.customer_updated_timestamp)
            )

        )

    ),

    updates as (

        select
            'update' as dbt_change_type,
            source_data.*,
            snapshotted_data.dbt_scd_id

        from updates_source_data as source_data
        join snapshotted_data
            on 
    
        snapshotted_data.dbt_unique_key = source_data.dbt_unique_key
    

        where (
            (snapshotted_data.dbt_valid_from < source_data.customer_updated_timestamp)
        )
    )

    select * from insertions
    union all
    select * from updates

    ) as __dbt_sbq
    where false
    limit 0

[0m20:16:44.240040 [debug] [Thread-6 (]: SQL status: OK in 1.080 seconds
[0m20:16:44.247584 [debug] [Thread-6 (]: Using databricks connection "snapshot.walmart_dbt_project.dim_customers"
[0m20:16:44.248672 [debug] [Thread-6 (]: On snapshot.walmart_dbt_project.dim_customers: /* {"app": "dbt", "dbt_version": "1.12.0", "dbt_databricks_version": "1.12.3", "databricks_sql_connector_version": "4.3.0", "profile_name": "walmart_dbt_project", "target_name": "dev", "invocation_id": "bab40669-912a-474a-a5c0-b381310c55d6", "node_id": "snapshot.walmart_dbt_project.dim_customers"} */
select * from (
        select 
    current_timestamp()
 as dbt_snapshot_time
    ) as __dbt_sbq
    where false
    limit 0

[0m20:16:44.249645 [debug] [Thread-6 (]: Databricks adapter: Cursor(session-id=01f18eaf-112c-1f31-8389-48db9e31132b, command-id=01f18eaf-1408-1c6f-b4f3-6cbcf1af8c8f) - Closing
[0m20:16:44.631249 [debug] [Thread-6 (]: SQL status: OK in 0.380 seconds
[0m20:16:44.632474 [debug] [Thread-6 (]: Writing runtime sql for node "snapshot.walmart_dbt_project.dim_customers"
[0m20:16:44.659699 [debug] [Thread-6 (]: Using databricks connection "snapshot.walmart_dbt_project.dim_customers"
[0m20:16:44.660515 [debug] [Thread-6 (]: On snapshot.walmart_dbt_project.dim_customers: /* {"app": "dbt", "dbt_version": "1.12.0", "dbt_databricks_version": "1.12.3", "databricks_sql_connector_version": "4.3.0", "profile_name": "walmart_dbt_project", "target_name": "dev", "invocation_id": "bab40669-912a-474a-a5c0-b381310c55d6", "node_id": "snapshot.walmart_dbt_project.dim_customers"} */

      merge into `walmart`.`gold`.`dim_customers` as DBT_INTERNAL_DEST
        using `dim_customers__dbt_tmp` as DBT_INTERNAL_SOURCE
    on DBT_INTERNAL_SOURCE.`dbt_scd_id` = DBT_INTERNAL_DEST.`dbt_scd_id`
    when matched
        and ( DBT_INTERNAL_DEST.`dbt_valid_to` = to_date('9999-12-31') or
                DBT_INTERNAL_DEST.`dbt_valid_to` is null )
        and DBT_INTERNAL_SOURCE.`dbt_change_type` in ('update', 'delete')
        then update
        set `dbt_valid_to` = DBT_INTERNAL_SOURCE.`dbt_valid_to`

    when not matched
        and DBT_INTERNAL_SOURCE.`dbt_change_type` = 'insert'
        then insert (`customer_id`, `customer_first_name`, `customer_last_name`, `customer_email`, `customer_phone`, `customer_city`, `customer_province`, `customer_country`, `customer_created_timestamp`, `customer_updated_timestamp`, `customer_is_active`, `customer_processed_at`, `customer_gold_processed_at`, `dbt_updated_at`, `dbt_valid_from`, `dbt_valid_to`, `dbt_scd_id`)
        values (`customer_id`, `customer_first_name`, `customer_last_name`, `customer_email`, `customer_phone`, `customer_city`, `customer_province`, `customer_country`, `customer_created_timestamp`, `customer_updated_timestamp`, `customer_is_active`, `customer_processed_at`, `customer_gold_processed_at`, `dbt_updated_at`, `dbt_valid_from`, `dbt_valid_to`, `dbt_scd_id`)
    ;

  
[0m20:16:44.671702 [debug] [Thread-6 (]: Databricks adapter: Cursor(session-id=01f18eaf-112c-1f31-8389-48db9e31132b, command-id=01f18eaf-14ae-1c3e-b0e2-441cfc16840e) - Closing
[0m20:16:48.699678 [debug] [Thread-6 (]: SQL status: OK in 4.030 seconds
[0m20:16:48.701817 [debug] [Thread-6 (]: Databricks adapter: Cursor(session-id=01f18eaf-112c-1f31-8389-48db9e31132b, command-id=01f18eaf-14ef-1c92-96df-4bc5c37fdb04) - Closing
[0m20:16:48.726689 [debug] [Thread-6 (]: Applying DROP to: `dim_customers__dbt_tmp`
[0m20:16:48.733105 [debug] [Thread-6 (]: Using databricks connection "snapshot.walmart_dbt_project.dim_customers"
[0m20:16:48.734167 [debug] [Thread-6 (]: On snapshot.walmart_dbt_project.dim_customers: /* {"app": "dbt", "dbt_version": "1.12.0", "dbt_databricks_version": "1.12.3", "databricks_sql_connector_version": "4.3.0", "profile_name": "walmart_dbt_project", "target_name": "dev", "invocation_id": "bab40669-912a-474a-a5c0-b381310c55d6", "node_id": "snapshot.walmart_dbt_project.dim_customers"} */
DROP VIEW IF EXISTS `dim_customers__dbt_tmp`
[0m20:16:49.118181 [debug] [Thread-6 (]: SQL status: OK in 0.380 seconds
[0m20:16:49.120184 [debug] [Thread-6 (]: Databricks adapter: Cursor(session-id=01f18eaf-112c-1f31-8389-48db9e31132b, command-id=01f18eaf-1758-174d-a1b3-166938b4ba00) - Closing
[0m20:16:49.141075 [debug] [Thread-6 (]: On snapshot.walmart_dbt_project.dim_customers: Close
[0m20:16:49.142449 [debug] [Thread-6 (]: Databricks adapter: Connection(session-id=01f18eaf-112c-1f31-8389-48db9e31132b) - Closing
[0m20:16:49.452179 [debug] [Thread-6 (]: Sending event: {'category': 'dbt', 'action': 'run_model', 'label': 'bab40669-912a-474a-a5c0-b381310c55d6', 'context': [<snowplow_tracker.self_describing_json.SelfDescribingJson object at 0x7fbfd40ee090>]}
[0m20:16:49.455359 [info ] [Thread-6 (]: 1 of 5 OK snapshotted gold.dim_customers ....................................... [[32mOK[0m in 13.07s]
[0m20:16:49.458472 [debug] [Thread-6 (]: Finished running node snapshot.walmart_dbt_project.dim_customers
[0m20:16:49.461138 [debug] [Thread-6 (]: Began running node snapshot.walmart_dbt_project.dim_employees
[0m20:16:49.463023 [info ] [Thread-6 (]: 2 of 5 START snapshot gold.dim_employees ....................................... [RUN]
[0m20:16:49.465953 [debug] [Thread-6 (]: Databricks adapter: DatabricksDBTConnection(session-id=None, name=snapshot.walmart_dbt_project.dim_employees) - Creating connection
[0m20:16:49.467868 [debug] [Thread-6 (]: Acquiring new databricks connection 'snapshot.walmart_dbt_project.dim_employees'
[0m20:16:49.469575 [debug] [Thread-6 (]: Began compiling node snapshot.walmart_dbt_project.dim_employees
[0m20:16:49.479031 [debug] [Thread-6 (]: Writing injected SQL for node "snapshot.walmart_dbt_project.dim_employees"
[0m20:16:49.514914 [debug] [Thread-6 (]: Writing injected SQL for node "snapshot.walmart_dbt_project.dim_employees"
[0m20:16:49.561743 [debug] [Thread-6 (]: Began executing node snapshot.walmart_dbt_project.dim_employees
[0m20:16:49.569097 [debug] [Thread-6 (]: Using databricks connection "snapshot.walmart_dbt_project.dim_employees"
[0m20:16:49.571375 [debug] [Thread-6 (]: On snapshot.walmart_dbt_project.dim_employees: /* {"app": "dbt", "dbt_version": "1.12.0", "dbt_databricks_version": "1.12.3", "databricks_sql_connector_version": "4.3.0", "profile_name": "walmart_dbt_project", "target_name": "dev", "invocation_id": "bab40669-912a-474a-a5c0-b381310c55d6", "node_id": "snapshot.walmart_dbt_project.dim_employees"} */

    
  DESCRIBE TABLE EXTENDED `walmart`.`gold`.`dim_employees` AS JSON

  
[0m20:16:49.572989 [debug] [Thread-6 (]: Opening a new connection, currently in state init
[0m20:16:51.876561 [debug] [Thread-6 (]: Databricks adapter: Connection(session-id=01f18eaf-18b9-1965-9a69-4b8b1c0f72bb) - Created
[0m20:16:52.741730 [debug] [Thread-6 (]: SQL status: OK in 3.170 seconds
[0m20:16:52.744811 [debug] [Thread-6 (]: Databricks adapter: Cursor(session-id=01f18eaf-18b9-1965-9a69-4b8b1c0f72bb, command-id=01f18eaf-1933-1eec-a904-acb046ee9f2b) - Closing
[0m20:16:52.749421 [debug] [Thread-6 (]: Using databricks connection "snapshot.walmart_dbt_project.dim_employees"
[0m20:16:52.750944 [debug] [Thread-6 (]: On snapshot.walmart_dbt_project.dim_employees: /* {"app": "dbt", "dbt_version": "1.12.0", "dbt_databricks_version": "1.12.3", "databricks_sql_connector_version": "4.3.0", "profile_name": "walmart_dbt_project", "target_name": "dev", "invocation_id": "bab40669-912a-474a-a5c0-b381310c55d6", "node_id": "snapshot.walmart_dbt_project.dim_employees"} */

        
  
    create or replace temporary view `dim_employees__dbt_tmp` as
      
    
    with snapshot_query as (

        with __dbt__cte__eph_employees as (
SELECT 
    DISTINCT
    employee_id,
    employee_first_name,
    employee_last_name,
    employee_email,
    job_title,
    salary,
    store_id,
    employee_created_timestamp,
    employee_updated_timestamp,
    employee_is_active,
    employee_processed_at,
    CURRENT_TIMESTAMP() AS employee_gold_processed_at
FROM 
    `walmart`.`silver_business`.`obt_b`
) select * from __dbt__cte__eph_employees

    ),

    snapshotted_data as (

        select *, 
    
        employee_id as dbt_unique_key
    

        from `walmart`.`gold`.`dim_employees`
        where
            
                
                

                
                ( (dbt_valid_to = to_date('9999-12-31'))
 or dbt_valid_to is null )
            

    ),

    insertions_source_data as (

        select *, 
    
        employee_id as dbt_unique_key
    
,
            employee_updated_timestamp as dbt_updated_at,
            employee_updated_timestamp as dbt_valid_from,
            
  
  coalesce(nullif(employee_updated_timestamp, employee_updated_timestamp), to_date('9999-12-31'))
  as dbt_valid_to
,
            md5(coalesce(cast(employee_id as string ), '')
         || '|' || coalesce(cast(employee_updated_timestamp as string ), '')
        ) as dbt_scd_id

        from snapshot_query
    ),

    updates_source_data as (

        select *, 
    
        employee_id as dbt_unique_key
    
,
            employee_updated_timestamp as dbt_updated_at,
            employee_updated_timestamp as dbt_valid_from,
            employee_updated_timestamp as dbt_valid_to

        from snapshot_query
    ),

    insertions as (

        select
            'insert' as dbt_change_type,
            source_data.*

        from insertions_source_data as source_data
        left outer join snapshotted_data
            on 
    
        snapshotted_data.dbt_unique_key = source_data.dbt_unique_key
    

            where 
    
        snapshotted_data.dbt_unique_key is null
    

            or (
    
        snapshotted_data.dbt_unique_key is not null
    
 and (
                (snapshotted_data.dbt_valid_from < source_data.employee_updated_timestamp)
            )

        )

    ),

    updates as (

        select
            'update' as dbt_change_type,
            source_data.*,
            snapshotted_data.dbt_scd_id

        from updates_source_data as source_data
        join snapshotted_data
            on 
    
        snapshotted_data.dbt_unique_key = source_data.dbt_unique_key
    

        where (
            (snapshotted_data.dbt_valid_from < source_data.employee_updated_timestamp)
        )
    )

    select * from insertions
    union all
    select * from updates

  
    
[0m20:16:53.446350 [debug] [Thread-6 (]: SQL status: OK in 0.690 seconds
[0m20:16:53.451504 [debug] [Thread-6 (]: Databricks adapter: Cursor(session-id=01f18eaf-18b9-1965-9a69-4b8b1c0f72bb, command-id=01f18eaf-19b8-18f1-a6a2-d41bc14f81e7) - Closing
[0m20:16:53.463403 [debug] [Thread-6 (]: Using databricks connection "snapshot.walmart_dbt_project.dim_employees"
[0m20:16:53.465865 [debug] [Thread-6 (]: On snapshot.walmart_dbt_project.dim_employees: /* {"app": "dbt", "dbt_version": "1.12.0", "dbt_databricks_version": "1.12.3", "databricks_sql_connector_version": "4.3.0", "profile_name": "walmart_dbt_project", "target_name": "dev", "invocation_id": "bab40669-912a-474a-a5c0-b381310c55d6", "node_id": "snapshot.walmart_dbt_project.dim_employees"} */

    
  DESCRIBE TABLE EXTENDED `dim_employees__dbt_tmp` AS JSON

  
[0m20:16:53.842560 [debug] [Thread-6 (]: SQL status: OK in 0.370 seconds
[0m20:16:53.847779 [debug] [Thread-6 (]: Databricks adapter: Cursor(session-id=01f18eaf-18b9-1965-9a69-4b8b1c0f72bb, command-id=01f18eaf-1a24-1feb-9db1-507143e4b35e) - Closing
[0m20:16:53.850479 [debug] [Thread-6 (]: Using databricks connection "snapshot.walmart_dbt_project.dim_employees"
[0m20:16:53.852142 [debug] [Thread-6 (]: On snapshot.walmart_dbt_project.dim_employees: /* {"app": "dbt", "dbt_version": "1.12.0", "dbt_databricks_version": "1.12.3", "databricks_sql_connector_version": "4.3.0", "profile_name": "walmart_dbt_project", "target_name": "dev", "invocation_id": "bab40669-912a-474a-a5c0-b381310c55d6", "node_id": "snapshot.walmart_dbt_project.dim_employees"} */

    
  DESCRIBE TABLE EXTENDED `walmart`.`gold`.`dim_employees` AS JSON

  
[0m20:16:54.436202 [debug] [Thread-6 (]: SQL status: OK in 0.580 seconds
[0m20:16:54.439403 [debug] [Thread-6 (]: Databricks adapter: Cursor(session-id=01f18eaf-18b9-1965-9a69-4b8b1c0f72bb, command-id=01f18eaf-1a5e-1f0f-a7ea-36cd4c5eaa0d) - Closing
[0m20:16:54.441952 [debug] [Thread-6 (]: Using databricks connection "snapshot.walmart_dbt_project.dim_employees"
[0m20:16:54.442909 [debug] [Thread-6 (]: On snapshot.walmart_dbt_project.dim_employees: /* {"app": "dbt", "dbt_version": "1.12.0", "dbt_databricks_version": "1.12.3", "databricks_sql_connector_version": "4.3.0", "profile_name": "walmart_dbt_project", "target_name": "dev", "invocation_id": "bab40669-912a-474a-a5c0-b381310c55d6", "node_id": "snapshot.walmart_dbt_project.dim_employees"} */

    
  DESCRIBE TABLE EXTENDED `dim_employees__dbt_tmp` AS JSON

  
[0m20:16:54.814322 [debug] [Thread-6 (]: SQL status: OK in 0.370 seconds
[0m20:16:54.818502 [debug] [Thread-6 (]: Databricks adapter: Cursor(session-id=01f18eaf-18b9-1965-9a69-4b8b1c0f72bb, command-id=01f18eaf-1ab8-152b-853a-37d28629d820) - Closing
[0m20:16:54.822805 [debug] [Thread-6 (]: Using databricks connection "snapshot.walmart_dbt_project.dim_employees"
[0m20:16:54.824983 [debug] [Thread-6 (]: On snapshot.walmart_dbt_project.dim_employees: /* {"app": "dbt", "dbt_version": "1.12.0", "dbt_databricks_version": "1.12.3", "databricks_sql_connector_version": "4.3.0", "profile_name": "walmart_dbt_project", "target_name": "dev", "invocation_id": "bab40669-912a-474a-a5c0-b381310c55d6", "node_id": "snapshot.walmart_dbt_project.dim_employees"} */

    
  DESCRIBE TABLE EXTENDED `walmart`.`gold`.`dim_employees` AS JSON

  
[0m20:16:55.517834 [debug] [Thread-6 (]: SQL status: OK in 0.690 seconds
[0m20:16:55.521036 [debug] [Thread-6 (]: Databricks adapter: Cursor(session-id=01f18eaf-18b9-1965-9a69-4b8b1c0f72bb, command-id=01f18eaf-1af2-135c-aea3-a64abcf4c80a) - Closing
[0m20:16:55.523496 [debug] [Thread-6 (]: Using databricks connection "snapshot.walmart_dbt_project.dim_employees"
[0m20:16:55.524759 [debug] [Thread-6 (]: On snapshot.walmart_dbt_project.dim_employees: /* {"app": "dbt", "dbt_version": "1.12.0", "dbt_databricks_version": "1.12.3", "databricks_sql_connector_version": "4.3.0", "profile_name": "walmart_dbt_project", "target_name": "dev", "invocation_id": "bab40669-912a-474a-a5c0-b381310c55d6", "node_id": "snapshot.walmart_dbt_project.dim_employees"} */

    
  DESCRIBE TABLE EXTENDED `dim_employees__dbt_tmp` AS JSON

  
[0m20:16:55.918650 [debug] [Thread-6 (]: SQL status: OK in 0.390 seconds
[0m20:16:55.922521 [debug] [Thread-6 (]: Databricks adapter: Cursor(session-id=01f18eaf-18b9-1965-9a69-4b8b1c0f72bb, command-id=01f18eaf-1b5b-1f8d-b2c6-f87feccc51b0) - Closing
[0m20:16:55.926404 [debug] [Thread-6 (]: Using databricks connection "snapshot.walmart_dbt_project.dim_employees"
[0m20:16:55.927866 [debug] [Thread-6 (]: On snapshot.walmart_dbt_project.dim_employees: /* {"app": "dbt", "dbt_version": "1.12.0", "dbt_databricks_version": "1.12.3", "databricks_sql_connector_version": "4.3.0", "profile_name": "walmart_dbt_project", "target_name": "dev", "invocation_id": "bab40669-912a-474a-a5c0-b381310c55d6", "node_id": "snapshot.walmart_dbt_project.dim_employees"} */
select * from (
        
    
    with snapshot_query as (

        with __dbt__cte__eph_employees as (
SELECT 
    DISTINCT
    employee_id,
    employee_first_name,
    employee_last_name,
    employee_email,
    job_title,
    salary,
    store_id,
    employee_created_timestamp,
    employee_updated_timestamp,
    employee_is_active,
    employee_processed_at,
    CURRENT_TIMESTAMP() AS employee_gold_processed_at
FROM 
    `walmart`.`silver_business`.`obt_b`
) select * from __dbt__cte__eph_employees

    ),

    snapshotted_data as (

        select *, 
    
        employee_id as dbt_unique_key
    

        from `walmart`.`gold`.`dim_employees`
        where
            
                
                

                
                ( (dbt_valid_to = to_date('9999-12-31'))
 or dbt_valid_to is null )
            

    ),

    insertions_source_data as (

        select *, 
    
        employee_id as dbt_unique_key
    
,
            employee_updated_timestamp as dbt_updated_at,
            employee_updated_timestamp as dbt_valid_from,
            
  
  coalesce(nullif(employee_updated_timestamp, employee_updated_timestamp), to_date('9999-12-31'))
  as dbt_valid_to
,
            md5(coalesce(cast(employee_id as string ), '')
         || '|' || coalesce(cast(employee_updated_timestamp as string ), '')
        ) as dbt_scd_id

        from snapshot_query
    ),

    updates_source_data as (

        select *, 
    
        employee_id as dbt_unique_key
    
,
            employee_updated_timestamp as dbt_updated_at,
            employee_updated_timestamp as dbt_valid_from,
            employee_updated_timestamp as dbt_valid_to

        from snapshot_query
    ),

    insertions as (

        select
            'insert' as dbt_change_type,
            source_data.*

        from insertions_source_data as source_data
        left outer join snapshotted_data
            on 
    
        snapshotted_data.dbt_unique_key = source_data.dbt_unique_key
    

            where 
    
        snapshotted_data.dbt_unique_key is null
    

            or (
    
        snapshotted_data.dbt_unique_key is not null
    
 and (
                (snapshotted_data.dbt_valid_from < source_data.employee_updated_timestamp)
            )

        )

    ),

    updates as (

        select
            'update' as dbt_change_type,
            source_data.*,
            snapshotted_data.dbt_scd_id

        from updates_source_data as source_data
        join snapshotted_data
            on 
    
        snapshotted_data.dbt_unique_key = source_data.dbt_unique_key
    

        where (
            (snapshotted_data.dbt_valid_from < source_data.employee_updated_timestamp)
        )
    )

    select * from insertions
    union all
    select * from updates

    ) as __dbt_sbq
    where false
    limit 0

[0m20:16:56.775424 [debug] [Thread-6 (]: SQL status: OK in 0.850 seconds
[0m20:16:56.777289 [debug] [Thread-6 (]: Using databricks connection "snapshot.walmart_dbt_project.dim_employees"
[0m20:16:56.778502 [debug] [Thread-6 (]: On snapshot.walmart_dbt_project.dim_employees: /* {"app": "dbt", "dbt_version": "1.12.0", "dbt_databricks_version": "1.12.3", "databricks_sql_connector_version": "4.3.0", "profile_name": "walmart_dbt_project", "target_name": "dev", "invocation_id": "bab40669-912a-474a-a5c0-b381310c55d6", "node_id": "snapshot.walmart_dbt_project.dim_employees"} */
select * from (
        select 
    current_timestamp()
 as dbt_snapshot_time
    ) as __dbt_sbq
    where false
    limit 0

[0m20:16:56.779677 [debug] [Thread-6 (]: Databricks adapter: Cursor(session-id=01f18eaf-18b9-1965-9a69-4b8b1c0f72bb, command-id=01f18eaf-1b99-1826-9d4d-16233c5b5e7c) - Closing
[0m20:16:57.130562 [debug] [Thread-6 (]: SQL status: OK in 0.350 seconds
[0m20:16:57.132012 [debug] [Thread-6 (]: Writing runtime sql for node "snapshot.walmart_dbt_project.dim_employees"
[0m20:16:57.159282 [debug] [Thread-6 (]: Using databricks connection "snapshot.walmart_dbt_project.dim_employees"
[0m20:16:57.160474 [debug] [Thread-6 (]: On snapshot.walmart_dbt_project.dim_employees: /* {"app": "dbt", "dbt_version": "1.12.0", "dbt_databricks_version": "1.12.3", "databricks_sql_connector_version": "4.3.0", "profile_name": "walmart_dbt_project", "target_name": "dev", "invocation_id": "bab40669-912a-474a-a5c0-b381310c55d6", "node_id": "snapshot.walmart_dbt_project.dim_employees"} */

      merge into `walmart`.`gold`.`dim_employees` as DBT_INTERNAL_DEST
        using `dim_employees__dbt_tmp` as DBT_INTERNAL_SOURCE
    on DBT_INTERNAL_SOURCE.`dbt_scd_id` = DBT_INTERNAL_DEST.`dbt_scd_id`
    when matched
        and ( DBT_INTERNAL_DEST.`dbt_valid_to` = to_date('9999-12-31') or
                DBT_INTERNAL_DEST.`dbt_valid_to` is null )
        and DBT_INTERNAL_SOURCE.`dbt_change_type` in ('update', 'delete')
        then update
        set `dbt_valid_to` = DBT_INTERNAL_SOURCE.`dbt_valid_to`

    when not matched
        and DBT_INTERNAL_SOURCE.`dbt_change_type` = 'insert'
        then insert (`employee_id`, `employee_first_name`, `employee_last_name`, `employee_email`, `job_title`, `salary`, `store_id`, `employee_created_timestamp`, `employee_updated_timestamp`, `employee_is_active`, `employee_processed_at`, `employee_gold_processed_at`, `dbt_updated_at`, `dbt_valid_from`, `dbt_valid_to`, `dbt_scd_id`)
        values (`employee_id`, `employee_first_name`, `employee_last_name`, `employee_email`, `job_title`, `salary`, `store_id`, `employee_created_timestamp`, `employee_updated_timestamp`, `employee_is_active`, `employee_processed_at`, `employee_gold_processed_at`, `dbt_updated_at`, `dbt_valid_from`, `dbt_valid_to`, `dbt_scd_id`)
    ;

  
[0m20:16:57.161804 [debug] [Thread-6 (]: Databricks adapter: Cursor(session-id=01f18eaf-18b9-1965-9a69-4b8b1c0f72bb, command-id=01f18eaf-1c1a-122f-83e4-c07e6d0c85ff) - Closing
[0m20:17:01.043353 [debug] [Thread-6 (]: SQL status: OK in 3.880 seconds
[0m20:17:01.046701 [debug] [Thread-6 (]: Databricks adapter: Cursor(session-id=01f18eaf-18b9-1965-9a69-4b8b1c0f72bb, command-id=01f18eaf-1c53-1ec3-85f9-bf1769afd293) - Closing
[0m20:17:01.056578 [debug] [Thread-6 (]: Applying DROP to: `dim_employees__dbt_tmp`
[0m20:17:01.058148 [debug] [Thread-6 (]: Using databricks connection "snapshot.walmart_dbt_project.dim_employees"
[0m20:17:01.059726 [debug] [Thread-6 (]: On snapshot.walmart_dbt_project.dim_employees: /* {"app": "dbt", "dbt_version": "1.12.0", "dbt_databricks_version": "1.12.3", "databricks_sql_connector_version": "4.3.0", "profile_name": "walmart_dbt_project", "target_name": "dev", "invocation_id": "bab40669-912a-474a-a5c0-b381310c55d6", "node_id": "snapshot.walmart_dbt_project.dim_employees"} */
DROP VIEW IF EXISTS `dim_employees__dbt_tmp`
[0m20:17:01.671083 [debug] [Thread-6 (]: SQL status: OK in 0.610 seconds
[0m20:17:01.673689 [debug] [Thread-6 (]: Databricks adapter: Cursor(session-id=01f18eaf-18b9-1965-9a69-4b8b1c0f72bb, command-id=01f18eaf-1ea1-19b2-8c35-c07db2f83d66) - Closing
[0m20:17:01.677474 [debug] [Thread-6 (]: On snapshot.walmart_dbt_project.dim_employees: Close
[0m20:17:01.678777 [debug] [Thread-6 (]: Databricks adapter: Connection(session-id=01f18eaf-18b9-1965-9a69-4b8b1c0f72bb) - Closing
[0m20:17:02.075470 [debug] [Thread-6 (]: Sending event: {'category': 'dbt', 'action': 'run_model', 'label': 'bab40669-912a-474a-a5c0-b381310c55d6', 'context': [<snowplow_tracker.self_describing_json.SelfDescribingJson object at 0x7fbfd43b3d80>]}
[0m20:17:02.092186 [info ] [Thread-6 (]: 2 of 5 OK snapshotted gold.dim_employees ....................................... [[32mOK[0m in 12.61s]
[0m20:17:02.094437 [debug] [Thread-6 (]: Finished running node snapshot.walmart_dbt_project.dim_employees
[0m20:17:02.096439 [debug] [Thread-6 (]: Began running node snapshot.walmart_dbt_project.dim_orders
[0m20:17:02.100084 [info ] [Thread-6 (]: 3 of 5 START snapshot gold.dim_orders .......................................... [RUN]
[0m20:17:02.102985 [debug] [Thread-6 (]: Databricks adapter: DatabricksDBTConnection(session-id=None, name=snapshot.walmart_dbt_project.dim_orders) - Creating connection
[0m20:17:02.105123 [debug] [Thread-6 (]: Acquiring new databricks connection 'snapshot.walmart_dbt_project.dim_orders'
[0m20:17:02.106776 [debug] [Thread-6 (]: Began compiling node snapshot.walmart_dbt_project.dim_orders
[0m20:17:02.115470 [debug] [Thread-6 (]: Writing injected SQL for node "snapshot.walmart_dbt_project.dim_orders"
[0m20:17:02.157072 [debug] [Thread-6 (]: Writing injected SQL for node "snapshot.walmart_dbt_project.dim_orders"
[0m20:17:02.196839 [debug] [Thread-6 (]: Began executing node snapshot.walmart_dbt_project.dim_orders
[0m20:17:02.202603 [debug] [Thread-6 (]: Using databricks connection "snapshot.walmart_dbt_project.dim_orders"
[0m20:17:02.204166 [debug] [Thread-6 (]: On snapshot.walmart_dbt_project.dim_orders: /* {"app": "dbt", "dbt_version": "1.12.0", "dbt_databricks_version": "1.12.3", "databricks_sql_connector_version": "4.3.0", "profile_name": "walmart_dbt_project", "target_name": "dev", "invocation_id": "bab40669-912a-474a-a5c0-b381310c55d6", "node_id": "snapshot.walmart_dbt_project.dim_orders"} */

    
  DESCRIBE TABLE EXTENDED `walmart`.`gold`.`dim_orders` AS JSON

  
[0m20:17:02.205216 [debug] [Thread-6 (]: Opening a new connection, currently in state init
[0m20:17:03.891336 [debug] [Thread-6 (]: Databricks adapter: Connection(session-id=01f18eaf-2017-1cb3-a89f-59e0133ae0ec) - Created
[0m20:17:04.925170 [debug] [Thread-6 (]: SQL status: OK in 2.720 seconds
[0m20:17:04.932281 [debug] [Thread-6 (]: Databricks adapter: Cursor(session-id=01f18eaf-2017-1cb3-a89f-59e0133ae0ec, command-id=01f18eaf-204e-123f-82c7-a9510056be81) - Closing
[0m20:17:04.940082 [debug] [Thread-6 (]: Using databricks connection "snapshot.walmart_dbt_project.dim_orders"
[0m20:17:04.942082 [debug] [Thread-6 (]: On snapshot.walmart_dbt_project.dim_orders: /* {"app": "dbt", "dbt_version": "1.12.0", "dbt_databricks_version": "1.12.3", "databricks_sql_connector_version": "4.3.0", "profile_name": "walmart_dbt_project", "target_name": "dev", "invocation_id": "bab40669-912a-474a-a5c0-b381310c55d6", "node_id": "snapshot.walmart_dbt_project.dim_orders"} */

        
  
    create or replace temporary view `dim_orders__dbt_tmp` as
      
    
    with snapshot_query as (

        with __dbt__cte__eph_orders as (
SELECT 
    DISTINCT
    order_id,
    order_item_id,
    payment_method,
    order_status,
    order_timestamp,
    order_created_timestamp,
    order_updated_timestamp,
    order_is_active,
    order_processed_at,
    obt_b_processed_at,
    CURRENT_TIMESTAMP() AS order_gold_processed_at
FROM 
    `walmart`.`silver_business`.`obt_b`
) select * from __dbt__cte__eph_orders

    ),

    snapshotted_data as (

        select *, 
    
        order_id as dbt_unique_key
    

        from `walmart`.`gold`.`dim_orders`
        where
            
                
                

                
                ( (dbt_valid_to = to_date('9999-12-31'))
 or dbt_valid_to is null )
            

    ),

    insertions_source_data as (

        select *, 
    
        order_id as dbt_unique_key
    
,
            order_updated_timestamp as dbt_updated_at,
            order_updated_timestamp as dbt_valid_from,
            
  
  coalesce(nullif(order_updated_timestamp, order_updated_timestamp), to_date('9999-12-31'))
  as dbt_valid_to
,
            md5(coalesce(cast(order_id as string ), '')
         || '|' || coalesce(cast(order_updated_timestamp as string ), '')
        ) as dbt_scd_id

        from snapshot_query
    ),

    updates_source_data as (

        select *, 
    
        order_id as dbt_unique_key
    
,
            order_updated_timestamp as dbt_updated_at,
            order_updated_timestamp as dbt_valid_from,
            order_updated_timestamp as dbt_valid_to

        from snapshot_query
    ),

    insertions as (

        select
            'insert' as dbt_change_type,
            source_data.*

        from insertions_source_data as source_data
        left outer join snapshotted_data
            on 
    
        snapshotted_data.dbt_unique_key = source_data.dbt_unique_key
    

            where 
    
        snapshotted_data.dbt_unique_key is null
    

            or (
    
        snapshotted_data.dbt_unique_key is not null
    
 and (
                (snapshotted_data.dbt_valid_from < source_data.order_updated_timestamp)
            )

        )

    ),

    updates as (

        select
            'update' as dbt_change_type,
            source_data.*,
            snapshotted_data.dbt_scd_id

        from updates_source_data as source_data
        join snapshotted_data
            on 
    
        snapshotted_data.dbt_unique_key = source_data.dbt_unique_key
    

        where (
            (snapshotted_data.dbt_valid_from < source_data.order_updated_timestamp)
        )
    )

    select * from insertions
    union all
    select * from updates

  
    
[0m20:17:05.700250 [debug] [Thread-6 (]: SQL status: OK in 0.760 seconds
[0m20:17:05.702622 [debug] [Thread-6 (]: Databricks adapter: Cursor(session-id=01f18eaf-2017-1cb3-a89f-59e0133ae0ec, command-id=01f18eaf-20ff-1850-9688-6d61583cf70d) - Closing
[0m20:17:05.705759 [debug] [Thread-6 (]: Using databricks connection "snapshot.walmart_dbt_project.dim_orders"
[0m20:17:05.706779 [debug] [Thread-6 (]: On snapshot.walmart_dbt_project.dim_orders: /* {"app": "dbt", "dbt_version": "1.12.0", "dbt_databricks_version": "1.12.3", "databricks_sql_connector_version": "4.3.0", "profile_name": "walmart_dbt_project", "target_name": "dev", "invocation_id": "bab40669-912a-474a-a5c0-b381310c55d6", "node_id": "snapshot.walmart_dbt_project.dim_orders"} */

    
  DESCRIBE TABLE EXTENDED `dim_orders__dbt_tmp` AS JSON

  
[0m20:17:06.090880 [debug] [Thread-6 (]: SQL status: OK in 0.380 seconds
[0m20:17:06.096514 [debug] [Thread-6 (]: Databricks adapter: Cursor(session-id=01f18eaf-2017-1cb3-a89f-59e0133ae0ec, command-id=01f18eaf-2175-1938-8ece-1ff85f85d2ef) - Closing
[0m20:17:06.099143 [debug] [Thread-6 (]: Using databricks connection "snapshot.walmart_dbt_project.dim_orders"
[0m20:17:06.101110 [debug] [Thread-6 (]: On snapshot.walmart_dbt_project.dim_orders: /* {"app": "dbt", "dbt_version": "1.12.0", "dbt_databricks_version": "1.12.3", "databricks_sql_connector_version": "4.3.0", "profile_name": "walmart_dbt_project", "target_name": "dev", "invocation_id": "bab40669-912a-474a-a5c0-b381310c55d6", "node_id": "snapshot.walmart_dbt_project.dim_orders"} */

    
  DESCRIBE TABLE EXTENDED `walmart`.`gold`.`dim_orders` AS JSON

  
[0m20:17:06.793216 [debug] [Thread-6 (]: SQL status: OK in 0.690 seconds
[0m20:17:06.796954 [debug] [Thread-6 (]: Databricks adapter: Cursor(session-id=01f18eaf-2017-1cb3-a89f-59e0133ae0ec, command-id=01f18eaf-21b2-1807-b902-2038c1cb0591) - Closing
[0m20:17:06.799377 [debug] [Thread-6 (]: Using databricks connection "snapshot.walmart_dbt_project.dim_orders"
[0m20:17:06.800547 [debug] [Thread-6 (]: On snapshot.walmart_dbt_project.dim_orders: /* {"app": "dbt", "dbt_version": "1.12.0", "dbt_databricks_version": "1.12.3", "databricks_sql_connector_version": "4.3.0", "profile_name": "walmart_dbt_project", "target_name": "dev", "invocation_id": "bab40669-912a-474a-a5c0-b381310c55d6", "node_id": "snapshot.walmart_dbt_project.dim_orders"} */

    
  DESCRIBE TABLE EXTENDED `dim_orders__dbt_tmp` AS JSON

  
[0m20:17:07.176033 [debug] [Thread-6 (]: SQL status: OK in 0.370 seconds
[0m20:17:07.182924 [debug] [Thread-6 (]: Databricks adapter: Cursor(session-id=01f18eaf-2017-1cb3-a89f-59e0133ae0ec, command-id=01f18eaf-221e-124a-b454-0d09e2a50f74) - Closing
[0m20:17:07.186092 [debug] [Thread-6 (]: Using databricks connection "snapshot.walmart_dbt_project.dim_orders"
[0m20:17:07.187659 [debug] [Thread-6 (]: On snapshot.walmart_dbt_project.dim_orders: /* {"app": "dbt", "dbt_version": "1.12.0", "dbt_databricks_version": "1.12.3", "databricks_sql_connector_version": "4.3.0", "profile_name": "walmart_dbt_project", "target_name": "dev", "invocation_id": "bab40669-912a-474a-a5c0-b381310c55d6", "node_id": "snapshot.walmart_dbt_project.dim_orders"} */

    
  DESCRIBE TABLE EXTENDED `walmart`.`gold`.`dim_orders` AS JSON

  
[0m20:17:08.062382 [debug] [Thread-6 (]: SQL status: OK in 0.870 seconds
[0m20:17:08.067144 [debug] [Thread-6 (]: Databricks adapter: Cursor(session-id=01f18eaf-2017-1cb3-a89f-59e0133ae0ec, command-id=01f18eaf-2259-1878-8f51-132eeb7dcc31) - Closing
[0m20:17:08.073804 [debug] [Thread-6 (]: Using databricks connection "snapshot.walmart_dbt_project.dim_orders"
[0m20:17:08.075324 [debug] [Thread-6 (]: On snapshot.walmart_dbt_project.dim_orders: /* {"app": "dbt", "dbt_version": "1.12.0", "dbt_databricks_version": "1.12.3", "databricks_sql_connector_version": "4.3.0", "profile_name": "walmart_dbt_project", "target_name": "dev", "invocation_id": "bab40669-912a-474a-a5c0-b381310c55d6", "node_id": "snapshot.walmart_dbt_project.dim_orders"} */

    
  DESCRIBE TABLE EXTENDED `dim_orders__dbt_tmp` AS JSON

  
[0m20:17:08.466315 [debug] [Thread-6 (]: SQL status: OK in 0.390 seconds
[0m20:17:08.469507 [debug] [Thread-6 (]: Databricks adapter: Cursor(session-id=01f18eaf-2017-1cb3-a89f-59e0133ae0ec, command-id=01f18eaf-22e2-1c6a-95c1-4d715c387c79) - Closing
[0m20:17:08.472320 [debug] [Thread-6 (]: Using databricks connection "snapshot.walmart_dbt_project.dim_orders"
[0m20:17:08.474088 [debug] [Thread-6 (]: On snapshot.walmart_dbt_project.dim_orders: /* {"app": "dbt", "dbt_version": "1.12.0", "dbt_databricks_version": "1.12.3", "databricks_sql_connector_version": "4.3.0", "profile_name": "walmart_dbt_project", "target_name": "dev", "invocation_id": "bab40669-912a-474a-a5c0-b381310c55d6", "node_id": "snapshot.walmart_dbt_project.dim_orders"} */
select * from (
        
    
    with snapshot_query as (

        with __dbt__cte__eph_orders as (
SELECT 
    DISTINCT
    order_id,
    order_item_id,
    payment_method,
    order_status,
    order_timestamp,
    order_created_timestamp,
    order_updated_timestamp,
    order_is_active,
    order_processed_at,
    obt_b_processed_at,
    CURRENT_TIMESTAMP() AS order_gold_processed_at
FROM 
    `walmart`.`silver_business`.`obt_b`
) select * from __dbt__cte__eph_orders

    ),

    snapshotted_data as (

        select *, 
    
        order_id as dbt_unique_key
    

        from `walmart`.`gold`.`dim_orders`
        where
            
                
                

                
                ( (dbt_valid_to = to_date('9999-12-31'))
 or dbt_valid_to is null )
            

    ),

    insertions_source_data as (

        select *, 
    
        order_id as dbt_unique_key
    
,
            order_updated_timestamp as dbt_updated_at,
            order_updated_timestamp as dbt_valid_from,
            
  
  coalesce(nullif(order_updated_timestamp, order_updated_timestamp), to_date('9999-12-31'))
  as dbt_valid_to
,
            md5(coalesce(cast(order_id as string ), '')
         || '|' || coalesce(cast(order_updated_timestamp as string ), '')
        ) as dbt_scd_id

        from snapshot_query
    ),

    updates_source_data as (

        select *, 
    
        order_id as dbt_unique_key
    
,
            order_updated_timestamp as dbt_updated_at,
            order_updated_timestamp as dbt_valid_from,
            order_updated_timestamp as dbt_valid_to

        from snapshot_query
    ),

    insertions as (

        select
            'insert' as dbt_change_type,
            source_data.*

        from insertions_source_data as source_data
        left outer join snapshotted_data
            on 
    
        snapshotted_data.dbt_unique_key = source_data.dbt_unique_key
    

            where 
    
        snapshotted_data.dbt_unique_key is null
    

            or (
    
        snapshotted_data.dbt_unique_key is not null
    
 and (
                (snapshotted_data.dbt_valid_from < source_data.order_updated_timestamp)
            )

        )

    ),

    updates as (

        select
            'update' as dbt_change_type,
            source_data.*,
            snapshotted_data.dbt_scd_id

        from updates_source_data as source_data
        join snapshotted_data
            on 
    
        snapshotted_data.dbt_unique_key = source_data.dbt_unique_key
    

        where (
            (snapshotted_data.dbt_valid_from < source_data.order_updated_timestamp)
        )
    )

    select * from insertions
    union all
    select * from updates

    ) as __dbt_sbq
    where false
    limit 0

[0m20:17:09.220720 [debug] [Thread-6 (]: SQL status: OK in 0.750 seconds
[0m20:17:09.222811 [debug] [Thread-6 (]: Using databricks connection "snapshot.walmart_dbt_project.dim_orders"
[0m20:17:09.224278 [debug] [Thread-6 (]: On snapshot.walmart_dbt_project.dim_orders: /* {"app": "dbt", "dbt_version": "1.12.0", "dbt_databricks_version": "1.12.3", "databricks_sql_connector_version": "4.3.0", "profile_name": "walmart_dbt_project", "target_name": "dev", "invocation_id": "bab40669-912a-474a-a5c0-b381310c55d6", "node_id": "snapshot.walmart_dbt_project.dim_orders"} */
select * from (
        select 
    current_timestamp()
 as dbt_snapshot_time
    ) as __dbt_sbq
    where false
    limit 0

[0m20:17:09.226566 [debug] [Thread-6 (]: Databricks adapter: Cursor(session-id=01f18eaf-2017-1cb3-a89f-59e0133ae0ec, command-id=01f18eaf-231f-12db-b405-a6e3a653db73) - Closing
[0m20:17:09.602311 [debug] [Thread-6 (]: SQL status: OK in 0.380 seconds
[0m20:17:09.606942 [debug] [Thread-6 (]: Writing runtime sql for node "snapshot.walmart_dbt_project.dim_orders"
[0m20:17:09.670020 [debug] [Thread-6 (]: Using databricks connection "snapshot.walmart_dbt_project.dim_orders"
[0m20:17:09.671929 [debug] [Thread-6 (]: On snapshot.walmart_dbt_project.dim_orders: /* {"app": "dbt", "dbt_version": "1.12.0", "dbt_databricks_version": "1.12.3", "databricks_sql_connector_version": "4.3.0", "profile_name": "walmart_dbt_project", "target_name": "dev", "invocation_id": "bab40669-912a-474a-a5c0-b381310c55d6", "node_id": "snapshot.walmart_dbt_project.dim_orders"} */

      merge into `walmart`.`gold`.`dim_orders` as DBT_INTERNAL_DEST
        using `dim_orders__dbt_tmp` as DBT_INTERNAL_SOURCE
    on DBT_INTERNAL_SOURCE.`dbt_scd_id` = DBT_INTERNAL_DEST.`dbt_scd_id`
    when matched
        and ( DBT_INTERNAL_DEST.`dbt_valid_to` = to_date('9999-12-31') or
                DBT_INTERNAL_DEST.`dbt_valid_to` is null )
        and DBT_INTERNAL_SOURCE.`dbt_change_type` in ('update', 'delete')
        then update
        set `dbt_valid_to` = DBT_INTERNAL_SOURCE.`dbt_valid_to`

    when not matched
        and DBT_INTERNAL_SOURCE.`dbt_change_type` = 'insert'
        then insert (`order_id`, `order_item_id`, `payment_method`, `order_status`, `order_timestamp`, `order_created_timestamp`, `order_updated_timestamp`, `order_is_active`, `order_processed_at`, `obt_b_processed_at`, `order_gold_processed_at`, `dbt_updated_at`, `dbt_valid_from`, `dbt_valid_to`, `dbt_scd_id`)
        values (`order_id`, `order_item_id`, `payment_method`, `order_status`, `order_timestamp`, `order_created_timestamp`, `order_updated_timestamp`, `order_is_active`, `order_processed_at`, `obt_b_processed_at`, `order_gold_processed_at`, `dbt_updated_at`, `dbt_valid_from`, `dbt_valid_to`, `dbt_scd_id`)
    ;

  
[0m20:17:09.673854 [debug] [Thread-6 (]: Databricks adapter: Cursor(session-id=01f18eaf-2017-1cb3-a89f-59e0133ae0ec, command-id=01f18eaf-2392-13b4-b2a1-97150091a7e6) - Closing
[0m20:17:13.774527 [debug] [Thread-6 (]: SQL status: OK in 4.100 seconds
[0m20:17:13.777932 [debug] [Thread-6 (]: Databricks adapter: Cursor(session-id=01f18eaf-2017-1cb3-a89f-59e0133ae0ec, command-id=01f18eaf-23d7-1d6c-ac9e-fc226e588517) - Closing
[0m20:17:13.781469 [debug] [Thread-6 (]: Applying DROP to: `dim_orders__dbt_tmp`
[0m20:17:13.782847 [debug] [Thread-6 (]: Using databricks connection "snapshot.walmart_dbt_project.dim_orders"
[0m20:17:13.783767 [debug] [Thread-6 (]: On snapshot.walmart_dbt_project.dim_orders: /* {"app": "dbt", "dbt_version": "1.12.0", "dbt_databricks_version": "1.12.3", "databricks_sql_connector_version": "4.3.0", "profile_name": "walmart_dbt_project", "target_name": "dev", "invocation_id": "bab40669-912a-474a-a5c0-b381310c55d6", "node_id": "snapshot.walmart_dbt_project.dim_orders"} */
DROP VIEW IF EXISTS `dim_orders__dbt_tmp`
[0m20:17:14.211243 [debug] [Thread-6 (]: SQL status: OK in 0.430 seconds
[0m20:17:14.213189 [debug] [Thread-6 (]: Databricks adapter: Cursor(session-id=01f18eaf-2017-1cb3-a89f-59e0133ae0ec, command-id=01f18eaf-264a-19c4-bfd2-25c930fef5a5) - Closing
[0m20:17:14.215060 [debug] [Thread-6 (]: On snapshot.walmart_dbt_project.dim_orders: Close
[0m20:17:14.215861 [debug] [Thread-6 (]: Databricks adapter: Connection(session-id=01f18eaf-2017-1cb3-a89f-59e0133ae0ec) - Closing
[0m20:17:14.548182 [debug] [Thread-6 (]: Sending event: {'category': 'dbt', 'action': 'run_model', 'label': 'bab40669-912a-474a-a5c0-b381310c55d6', 'context': [<snowplow_tracker.self_describing_json.SelfDescribingJson object at 0x7fbfcffdecb0>]}
[0m20:17:14.551956 [info ] [Thread-6 (]: 3 of 5 OK snapshotted gold.dim_orders .......................................... [[32mOK[0m in 12.44s]
[0m20:17:14.554246 [debug] [Thread-6 (]: Finished running node snapshot.walmart_dbt_project.dim_orders
[0m20:17:14.555215 [debug] [Thread-6 (]: Began running node snapshot.walmart_dbt_project.dim_products
[0m20:17:14.556306 [info ] [Thread-6 (]: 4 of 5 START snapshot gold.dim_products ........................................ [RUN]
[0m20:17:14.557518 [debug] [Thread-6 (]: Databricks adapter: DatabricksDBTConnection(session-id=None, name=snapshot.walmart_dbt_project.dim_products) - Creating connection
[0m20:17:14.558454 [debug] [Thread-6 (]: Acquiring new databricks connection 'snapshot.walmart_dbt_project.dim_products'
[0m20:17:14.559243 [debug] [Thread-6 (]: Began compiling node snapshot.walmart_dbt_project.dim_products
[0m20:17:14.564334 [debug] [Thread-6 (]: Writing injected SQL for node "snapshot.walmart_dbt_project.dim_products"
[0m20:17:14.582238 [debug] [Thread-6 (]: Writing injected SQL for node "snapshot.walmart_dbt_project.dim_products"
[0m20:17:14.607078 [debug] [Thread-6 (]: Began executing node snapshot.walmart_dbt_project.dim_products
[0m20:17:14.611114 [debug] [Thread-6 (]: Using databricks connection "snapshot.walmart_dbt_project.dim_products"
[0m20:17:14.611972 [debug] [Thread-6 (]: On snapshot.walmart_dbt_project.dim_products: /* {"app": "dbt", "dbt_version": "1.12.0", "dbt_databricks_version": "1.12.3", "databricks_sql_connector_version": "4.3.0", "profile_name": "walmart_dbt_project", "target_name": "dev", "invocation_id": "bab40669-912a-474a-a5c0-b381310c55d6", "node_id": "snapshot.walmart_dbt_project.dim_products"} */

    
  DESCRIBE TABLE EXTENDED `walmart`.`gold`.`dim_products` AS JSON

  
[0m20:17:14.612692 [debug] [Thread-6 (]: Opening a new connection, currently in state init
[0m20:17:16.184111 [debug] [Thread-6 (]: Databricks adapter: Connection(session-id=01f18eaf-274e-1436-89ee-98df196e244c) - Created
[0m20:17:17.026852 [debug] [Thread-6 (]: SQL status: OK in 2.410 seconds
[0m20:17:17.031478 [debug] [Thread-6 (]: Databricks adapter: Cursor(session-id=01f18eaf-274e-1436-89ee-98df196e244c, command-id=01f18eaf-27b5-1e00-ba00-6ad7f30dcd22) - Closing
[0m20:17:17.035817 [debug] [Thread-6 (]: Using databricks connection "snapshot.walmart_dbt_project.dim_products"
[0m20:17:17.037233 [debug] [Thread-6 (]: On snapshot.walmart_dbt_project.dim_products: /* {"app": "dbt", "dbt_version": "1.12.0", "dbt_databricks_version": "1.12.3", "databricks_sql_connector_version": "4.3.0", "profile_name": "walmart_dbt_project", "target_name": "dev", "invocation_id": "bab40669-912a-474a-a5c0-b381310c55d6", "node_id": "snapshot.walmart_dbt_project.dim_products"} */

        
  
    create or replace temporary view `dim_products__dbt_tmp` as
      
    
    with snapshot_query as (

        with __dbt__cte__eph_products as (
SELECT 
    DISTINCT
    product_id,
    product_name,
    category,
    brand,
    price,
    product_created_timestamp,
    product_updated_timestamp,
    product_is_active,
    product_processed_at,
    CURRENT_TIMESTAMP() AS product_gold_processed_at
FROM 
    `walmart`.`silver_business`.`obt_b`
) select * from __dbt__cte__eph_products

    ),

    snapshotted_data as (

        select *, 
    
        product_id as dbt_unique_key
    

        from `walmart`.`gold`.`dim_products`
        where
            
                
                

                
                ( (dbt_valid_to = to_date('9999-12-31'))
 or dbt_valid_to is null )
            

    ),

    insertions_source_data as (

        select *, 
    
        product_id as dbt_unique_key
    
,
            product_updated_timestamp as dbt_updated_at,
            product_updated_timestamp as dbt_valid_from,
            
  
  coalesce(nullif(product_updated_timestamp, product_updated_timestamp), to_date('9999-12-31'))
  as dbt_valid_to
,
            md5(coalesce(cast(product_id as string ), '')
         || '|' || coalesce(cast(product_updated_timestamp as string ), '')
        ) as dbt_scd_id

        from snapshot_query
    ),

    updates_source_data as (

        select *, 
    
        product_id as dbt_unique_key
    
,
            product_updated_timestamp as dbt_updated_at,
            product_updated_timestamp as dbt_valid_from,
            product_updated_timestamp as dbt_valid_to

        from snapshot_query
    ),

    insertions as (

        select
            'insert' as dbt_change_type,
            source_data.*

        from insertions_source_data as source_data
        left outer join snapshotted_data
            on 
    
        snapshotted_data.dbt_unique_key = source_data.dbt_unique_key
    

            where 
    
        snapshotted_data.dbt_unique_key is null
    

            or (
    
        snapshotted_data.dbt_unique_key is not null
    
 and (
                (snapshotted_data.dbt_valid_from < source_data.product_updated_timestamp)
            )

        )

    ),

    updates as (

        select
            'update' as dbt_change_type,
            source_data.*,
            snapshotted_data.dbt_scd_id

        from updates_source_data as source_data
        join snapshotted_data
            on 
    
        snapshotted_data.dbt_unique_key = source_data.dbt_unique_key
    

        where (
            (snapshotted_data.dbt_valid_from < source_data.product_updated_timestamp)
        )
    )

    select * from insertions
    union all
    select * from updates

  
    
[0m20:17:17.722901 [debug] [Thread-6 (]: SQL status: OK in 0.680 seconds
[0m20:17:17.724515 [debug] [Thread-6 (]: Databricks adapter: Cursor(session-id=01f18eaf-274e-1436-89ee-98df196e244c, command-id=01f18eaf-2837-1160-9b8f-7b8519f51fdd) - Closing
[0m20:17:17.726306 [debug] [Thread-6 (]: Using databricks connection "snapshot.walmart_dbt_project.dim_products"
[0m20:17:17.727530 [debug] [Thread-6 (]: On snapshot.walmart_dbt_project.dim_products: /* {"app": "dbt", "dbt_version": "1.12.0", "dbt_databricks_version": "1.12.3", "databricks_sql_connector_version": "4.3.0", "profile_name": "walmart_dbt_project", "target_name": "dev", "invocation_id": "bab40669-912a-474a-a5c0-b381310c55d6", "node_id": "snapshot.walmart_dbt_project.dim_products"} */

    
  DESCRIBE TABLE EXTENDED `dim_products__dbt_tmp` AS JSON

  
[0m20:17:18.107657 [debug] [Thread-6 (]: SQL status: OK in 0.380 seconds
[0m20:17:18.137922 [debug] [Thread-6 (]: Databricks adapter: Cursor(session-id=01f18eaf-274e-1436-89ee-98df196e244c, command-id=01f18eaf-289f-1f69-b193-e9390e47e261) - Closing
[0m20:17:18.143026 [debug] [Thread-6 (]: Using databricks connection "snapshot.walmart_dbt_project.dim_products"
[0m20:17:18.144097 [debug] [Thread-6 (]: On snapshot.walmart_dbt_project.dim_products: /* {"app": "dbt", "dbt_version": "1.12.0", "dbt_databricks_version": "1.12.3", "databricks_sql_connector_version": "4.3.0", "profile_name": "walmart_dbt_project", "target_name": "dev", "invocation_id": "bab40669-912a-474a-a5c0-b381310c55d6", "node_id": "snapshot.walmart_dbt_project.dim_products"} */

    
  DESCRIBE TABLE EXTENDED `walmart`.`gold`.`dim_products` AS JSON

  
[0m20:17:19.140269 [debug] [Thread-6 (]: SQL status: OK in 1.000 seconds
[0m20:17:19.143281 [debug] [Thread-6 (]: Databricks adapter: Cursor(session-id=01f18eaf-274e-1436-89ee-98df196e244c, command-id=01f18eaf-28df-11ad-804d-0ad04db0eb09) - Closing
[0m20:17:19.145425 [debug] [Thread-6 (]: Using databricks connection "snapshot.walmart_dbt_project.dim_products"
[0m20:17:19.146622 [debug] [Thread-6 (]: On snapshot.walmart_dbt_project.dim_products: /* {"app": "dbt", "dbt_version": "1.12.0", "dbt_databricks_version": "1.12.3", "databricks_sql_connector_version": "4.3.0", "profile_name": "walmart_dbt_project", "target_name": "dev", "invocation_id": "bab40669-912a-474a-a5c0-b381310c55d6", "node_id": "snapshot.walmart_dbt_project.dim_products"} */

    
  DESCRIBE TABLE EXTENDED `dim_products__dbt_tmp` AS JSON

  
[0m20:17:19.532920 [debug] [Thread-6 (]: SQL status: OK in 0.390 seconds
[0m20:17:19.538752 [debug] [Thread-6 (]: Databricks adapter: Cursor(session-id=01f18eaf-274e-1436-89ee-98df196e244c, command-id=01f18eaf-2977-107f-ae43-2edba8e7d3d9) - Closing
[0m20:17:19.541377 [debug] [Thread-6 (]: Using databricks connection "snapshot.walmart_dbt_project.dim_products"
[0m20:17:19.542845 [debug] [Thread-6 (]: On snapshot.walmart_dbt_project.dim_products: /* {"app": "dbt", "dbt_version": "1.12.0", "dbt_databricks_version": "1.12.3", "databricks_sql_connector_version": "4.3.0", "profile_name": "walmart_dbt_project", "target_name": "dev", "invocation_id": "bab40669-912a-474a-a5c0-b381310c55d6", "node_id": "snapshot.walmart_dbt_project.dim_products"} */

    
  DESCRIBE TABLE EXTENDED `walmart`.`gold`.`dim_products` AS JSON

  
[0m20:17:20.998297 [debug] [Thread-6 (]: SQL status: OK in 1.450 seconds
[0m20:17:21.000998 [debug] [Thread-6 (]: Databricks adapter: Cursor(session-id=01f18eaf-274e-1436-89ee-98df196e244c, command-id=01f18eaf-29b3-140b-8f3f-07acac375681) - Closing
[0m20:17:21.002991 [debug] [Thread-6 (]: Using databricks connection "snapshot.walmart_dbt_project.dim_products"
[0m20:17:21.003822 [debug] [Thread-6 (]: On snapshot.walmart_dbt_project.dim_products: /* {"app": "dbt", "dbt_version": "1.12.0", "dbt_databricks_version": "1.12.3", "databricks_sql_connector_version": "4.3.0", "profile_name": "walmart_dbt_project", "target_name": "dev", "invocation_id": "bab40669-912a-474a-a5c0-b381310c55d6", "node_id": "snapshot.walmart_dbt_project.dim_products"} */

    
  DESCRIBE TABLE EXTENDED `dim_products__dbt_tmp` AS JSON

  
[0m20:17:21.373035 [debug] [Thread-6 (]: SQL status: OK in 0.370 seconds
[0m20:17:21.375704 [debug] [Thread-6 (]: Databricks adapter: Cursor(session-id=01f18eaf-274e-1436-89ee-98df196e244c, command-id=01f18eaf-2a90-1445-9999-28c23bcee447) - Closing
[0m20:17:21.378033 [debug] [Thread-6 (]: Using databricks connection "snapshot.walmart_dbt_project.dim_products"
[0m20:17:21.378980 [debug] [Thread-6 (]: On snapshot.walmart_dbt_project.dim_products: /* {"app": "dbt", "dbt_version": "1.12.0", "dbt_databricks_version": "1.12.3", "databricks_sql_connector_version": "4.3.0", "profile_name": "walmart_dbt_project", "target_name": "dev", "invocation_id": "bab40669-912a-474a-a5c0-b381310c55d6", "node_id": "snapshot.walmart_dbt_project.dim_products"} */
select * from (
        
    
    with snapshot_query as (

        with __dbt__cte__eph_products as (
SELECT 
    DISTINCT
    product_id,
    product_name,
    category,
    brand,
    price,
    product_created_timestamp,
    product_updated_timestamp,
    product_is_active,
    product_processed_at,
    CURRENT_TIMESTAMP() AS product_gold_processed_at
FROM 
    `walmart`.`silver_business`.`obt_b`
) select * from __dbt__cte__eph_products

    ),

    snapshotted_data as (

        select *, 
    
        product_id as dbt_unique_key
    

        from `walmart`.`gold`.`dim_products`
        where
            
                
                

                
                ( (dbt_valid_to = to_date('9999-12-31'))
 or dbt_valid_to is null )
            

    ),

    insertions_source_data as (

        select *, 
    
        product_id as dbt_unique_key
    
,
            product_updated_timestamp as dbt_updated_at,
            product_updated_timestamp as dbt_valid_from,
            
  
  coalesce(nullif(product_updated_timestamp, product_updated_timestamp), to_date('9999-12-31'))
  as dbt_valid_to
,
            md5(coalesce(cast(product_id as string ), '')
         || '|' || coalesce(cast(product_updated_timestamp as string ), '')
        ) as dbt_scd_id

        from snapshot_query
    ),

    updates_source_data as (

        select *, 
    
        product_id as dbt_unique_key
    
,
            product_updated_timestamp as dbt_updated_at,
            product_updated_timestamp as dbt_valid_from,
            product_updated_timestamp as dbt_valid_to

        from snapshot_query
    ),

    insertions as (

        select
            'insert' as dbt_change_type,
            source_data.*

        from insertions_source_data as source_data
        left outer join snapshotted_data
            on 
    
        snapshotted_data.dbt_unique_key = source_data.dbt_unique_key
    

            where 
    
        snapshotted_data.dbt_unique_key is null
    

            or (
    
        snapshotted_data.dbt_unique_key is not null
    
 and (
                (snapshotted_data.dbt_valid_from < source_data.product_updated_timestamp)
            )

        )

    ),

    updates as (

        select
            'update' as dbt_change_type,
            source_data.*,
            snapshotted_data.dbt_scd_id

        from updates_source_data as source_data
        join snapshotted_data
            on 
    
        snapshotted_data.dbt_unique_key = source_data.dbt_unique_key
    

        where (
            (snapshotted_data.dbt_valid_from < source_data.product_updated_timestamp)
        )
    )

    select * from insertions
    union all
    select * from updates

    ) as __dbt_sbq
    where false
    limit 0

[0m20:17:22.110942 [debug] [Thread-6 (]: SQL status: OK in 0.730 seconds
[0m20:17:22.113546 [debug] [Thread-6 (]: Using databricks connection "snapshot.walmart_dbt_project.dim_products"
[0m20:17:22.114891 [debug] [Thread-6 (]: On snapshot.walmart_dbt_project.dim_products: /* {"app": "dbt", "dbt_version": "1.12.0", "dbt_databricks_version": "1.12.3", "databricks_sql_connector_version": "4.3.0", "profile_name": "walmart_dbt_project", "target_name": "dev", "invocation_id": "bab40669-912a-474a-a5c0-b381310c55d6", "node_id": "snapshot.walmart_dbt_project.dim_products"} */
select * from (
        select 
    current_timestamp()
 as dbt_snapshot_time
    ) as __dbt_sbq
    where false
    limit 0

[0m20:17:22.116006 [debug] [Thread-6 (]: Databricks adapter: Cursor(session-id=01f18eaf-274e-1436-89ee-98df196e244c, command-id=01f18eaf-2ac9-1d9f-9bd3-d7cd1c69b515) - Closing
[0m20:17:22.517200 [debug] [Thread-6 (]: SQL status: OK in 0.400 seconds
[0m20:17:22.518444 [debug] [Thread-6 (]: Writing runtime sql for node "snapshot.walmart_dbt_project.dim_products"
[0m20:17:22.539765 [debug] [Thread-6 (]: Using databricks connection "snapshot.walmart_dbt_project.dim_products"
[0m20:17:22.540664 [debug] [Thread-6 (]: On snapshot.walmart_dbt_project.dim_products: /* {"app": "dbt", "dbt_version": "1.12.0", "dbt_databricks_version": "1.12.3", "databricks_sql_connector_version": "4.3.0", "profile_name": "walmart_dbt_project", "target_name": "dev", "invocation_id": "bab40669-912a-474a-a5c0-b381310c55d6", "node_id": "snapshot.walmart_dbt_project.dim_products"} */

      merge into `walmart`.`gold`.`dim_products` as DBT_INTERNAL_DEST
        using `dim_products__dbt_tmp` as DBT_INTERNAL_SOURCE
    on DBT_INTERNAL_SOURCE.`dbt_scd_id` = DBT_INTERNAL_DEST.`dbt_scd_id`
    when matched
        and ( DBT_INTERNAL_DEST.`dbt_valid_to` = to_date('9999-12-31') or
                DBT_INTERNAL_DEST.`dbt_valid_to` is null )
        and DBT_INTERNAL_SOURCE.`dbt_change_type` in ('update', 'delete')
        then update
        set `dbt_valid_to` = DBT_INTERNAL_SOURCE.`dbt_valid_to`

    when not matched
        and DBT_INTERNAL_SOURCE.`dbt_change_type` = 'insert'
        then insert (`product_id`, `product_name`, `category`, `brand`, `price`, `product_created_timestamp`, `product_updated_timestamp`, `product_is_active`, `product_processed_at`, `product_gold_processed_at`, `dbt_updated_at`, `dbt_valid_from`, `dbt_valid_to`, `dbt_scd_id`)
        values (`product_id`, `product_name`, `category`, `brand`, `price`, `product_created_timestamp`, `product_updated_timestamp`, `product_is_active`, `product_processed_at`, `product_gold_processed_at`, `dbt_updated_at`, `dbt_valid_from`, `dbt_valid_to`, `dbt_scd_id`)
    ;

  
[0m20:17:22.541762 [debug] [Thread-6 (]: Databricks adapter: Cursor(session-id=01f18eaf-274e-1436-89ee-98df196e244c, command-id=01f18eaf-2b39-1fa0-a221-77e119253e45) - Closing
[0m20:17:26.316153 [debug] [Thread-6 (]: SQL status: OK in 3.770 seconds
[0m20:17:26.319187 [debug] [Thread-6 (]: Databricks adapter: Cursor(session-id=01f18eaf-274e-1436-89ee-98df196e244c, command-id=01f18eaf-2b79-1847-aca2-081116616728) - Closing
[0m20:17:26.322904 [debug] [Thread-6 (]: Applying DROP to: `dim_products__dbt_tmp`
[0m20:17:26.324689 [debug] [Thread-6 (]: Using databricks connection "snapshot.walmart_dbt_project.dim_products"
[0m20:17:26.326211 [debug] [Thread-6 (]: On snapshot.walmart_dbt_project.dim_products: /* {"app": "dbt", "dbt_version": "1.12.0", "dbt_databricks_version": "1.12.3", "databricks_sql_connector_version": "4.3.0", "profile_name": "walmart_dbt_project", "target_name": "dev", "invocation_id": "bab40669-912a-474a-a5c0-b381310c55d6", "node_id": "snapshot.walmart_dbt_project.dim_products"} */
DROP VIEW IF EXISTS `dim_products__dbt_tmp`
[0m20:17:26.724391 [debug] [Thread-6 (]: SQL status: OK in 0.400 seconds
[0m20:17:26.726518 [debug] [Thread-6 (]: Databricks adapter: Cursor(session-id=01f18eaf-274e-1436-89ee-98df196e244c, command-id=01f18eaf-2db6-1229-9796-b3c64e748913) - Closing
[0m20:17:26.728661 [debug] [Thread-6 (]: On snapshot.walmart_dbt_project.dim_products: Close
[0m20:17:26.729598 [debug] [Thread-6 (]: Databricks adapter: Connection(session-id=01f18eaf-274e-1436-89ee-98df196e244c) - Closing
[0m20:17:27.056964 [debug] [Thread-6 (]: Sending event: {'category': 'dbt', 'action': 'run_model', 'label': 'bab40669-912a-474a-a5c0-b381310c55d6', 'context': [<snowplow_tracker.self_describing_json.SelfDescribingJson object at 0x7fbfd44cb4d0>]}
[0m20:17:27.058738 [info ] [Thread-6 (]: 4 of 5 OK snapshotted gold.dim_products ........................................ [[32mOK[0m in 12.50s]
[0m20:17:27.061256 [debug] [Thread-6 (]: Finished running node snapshot.walmart_dbt_project.dim_products
[0m20:17:27.064460 [debug] [Thread-6 (]: Began running node snapshot.walmart_dbt_project.dim_stores
[0m20:17:27.065983 [info ] [Thread-6 (]: 5 of 5 START snapshot gold.dim_stores .......................................... [RUN]
[0m20:17:27.068450 [debug] [Thread-6 (]: Databricks adapter: DatabricksDBTConnection(session-id=None, name=snapshot.walmart_dbt_project.dim_stores) - Creating connection
[0m20:17:27.071183 [debug] [Thread-6 (]: Acquiring new databricks connection 'snapshot.walmart_dbt_project.dim_stores'
[0m20:17:27.072880 [debug] [Thread-6 (]: Began compiling node snapshot.walmart_dbt_project.dim_stores
[0m20:17:27.080535 [debug] [Thread-6 (]: Writing injected SQL for node "snapshot.walmart_dbt_project.dim_stores"
[0m20:17:27.107686 [debug] [Thread-6 (]: Writing injected SQL for node "snapshot.walmart_dbt_project.dim_stores"
[0m20:17:27.130222 [debug] [Thread-6 (]: Began executing node snapshot.walmart_dbt_project.dim_stores
[0m20:17:27.133790 [debug] [Thread-6 (]: Using databricks connection "snapshot.walmart_dbt_project.dim_stores"
[0m20:17:27.134656 [debug] [Thread-6 (]: On snapshot.walmart_dbt_project.dim_stores: /* {"app": "dbt", "dbt_version": "1.12.0", "dbt_databricks_version": "1.12.3", "databricks_sql_connector_version": "4.3.0", "profile_name": "walmart_dbt_project", "target_name": "dev", "invocation_id": "bab40669-912a-474a-a5c0-b381310c55d6", "node_id": "snapshot.walmart_dbt_project.dim_stores"} */

    
  DESCRIBE TABLE EXTENDED `walmart`.`gold`.`dim_stores` AS JSON

  
[0m20:17:27.135458 [debug] [Thread-6 (]: Opening a new connection, currently in state init
[0m20:17:28.439188 [debug] [Thread-6 (]: Databricks adapter: Connection(session-id=01f18eaf-2ec4-145f-a15a-68d45b4a46b5) - Created
[0m20:17:29.446848 [debug] [Thread-6 (]: SQL status: OK in 2.310 seconds
[0m20:17:29.473376 [debug] [Thread-6 (]: Databricks adapter: Cursor(session-id=01f18eaf-2ec4-145f-a15a-68d45b4a46b5, command-id=01f18eaf-2ef5-1c86-8bd3-d680362699d5) - Closing
[0m20:17:29.484150 [debug] [Thread-6 (]: Using databricks connection "snapshot.walmart_dbt_project.dim_stores"
[0m20:17:29.491790 [debug] [Thread-6 (]: On snapshot.walmart_dbt_project.dim_stores: /* {"app": "dbt", "dbt_version": "1.12.0", "dbt_databricks_version": "1.12.3", "databricks_sql_connector_version": "4.3.0", "profile_name": "walmart_dbt_project", "target_name": "dev", "invocation_id": "bab40669-912a-474a-a5c0-b381310c55d6", "node_id": "snapshot.walmart_dbt_project.dim_stores"} */

        
  
    create or replace temporary view `dim_stores__dbt_tmp` as
      
    
    with snapshot_query as (

        with __dbt__cte__eph_stores as (
SELECT 
    DISTINCT
    store_id,
    store_name,
    store_city,
    store_province,
    store_country,
    store_created_timestamp,
    store_updated_timestamp,
    store_is_active,
    store_processed_at,
    CURRENT_TIMESTAMP() AS store_gold_processed_at
FROM 
    `walmart`.`silver_business`.`obt_b`
) select * from __dbt__cte__eph_stores

    ),

    snapshotted_data as (

        select *, 
    
        store_id as dbt_unique_key
    

        from `walmart`.`gold`.`dim_stores`
        where
            
                
                

                
                ( (dbt_valid_to = to_date('9999-12-31'))
 or dbt_valid_to is null )
            

    ),

    insertions_source_data as (

        select *, 
    
        store_id as dbt_unique_key
    
,
            store_updated_timestamp as dbt_updated_at,
            store_updated_timestamp as dbt_valid_from,
            
  
  coalesce(nullif(store_updated_timestamp, store_updated_timestamp), to_date('9999-12-31'))
  as dbt_valid_to
,
            md5(coalesce(cast(store_id as string ), '')
         || '|' || coalesce(cast(store_updated_timestamp as string ), '')
        ) as dbt_scd_id

        from snapshot_query
    ),

    updates_source_data as (

        select *, 
    
        store_id as dbt_unique_key
    
,
            store_updated_timestamp as dbt_updated_at,
            store_updated_timestamp as dbt_valid_from,
            store_updated_timestamp as dbt_valid_to

        from snapshot_query
    ),

    insertions as (

        select
            'insert' as dbt_change_type,
            source_data.*

        from insertions_source_data as source_data
        left outer join snapshotted_data
            on 
    
        snapshotted_data.dbt_unique_key = source_data.dbt_unique_key
    

            where 
    
        snapshotted_data.dbt_unique_key is null
    

            or (
    
        snapshotted_data.dbt_unique_key is not null
    
 and (
                (snapshotted_data.dbt_valid_from < source_data.store_updated_timestamp)
            )

        )

    ),

    updates as (

        select
            'update' as dbt_change_type,
            source_data.*,
            snapshotted_data.dbt_scd_id

        from updates_source_data as source_data
        join snapshotted_data
            on 
    
        snapshotted_data.dbt_unique_key = source_data.dbt_unique_key
    

        where (
            (snapshotted_data.dbt_valid_from < source_data.store_updated_timestamp)
        )
    )

    select * from insertions
    union all
    select * from updates

  
    
[0m20:17:30.402342 [debug] [Thread-6 (]: SQL status: OK in 0.910 seconds
[0m20:17:30.409467 [debug] [Thread-6 (]: Databricks adapter: Cursor(session-id=01f18eaf-2ec4-145f-a15a-68d45b4a46b5, command-id=01f18eaf-2f95-1d2a-8839-648e3e757204) - Closing
[0m20:17:30.412592 [debug] [Thread-6 (]: Using databricks connection "snapshot.walmart_dbt_project.dim_stores"
[0m20:17:30.413924 [debug] [Thread-6 (]: On snapshot.walmart_dbt_project.dim_stores: /* {"app": "dbt", "dbt_version": "1.12.0", "dbt_databricks_version": "1.12.3", "databricks_sql_connector_version": "4.3.0", "profile_name": "walmart_dbt_project", "target_name": "dev", "invocation_id": "bab40669-912a-474a-a5c0-b381310c55d6", "node_id": "snapshot.walmart_dbt_project.dim_stores"} */

    
  DESCRIBE TABLE EXTENDED `dim_stores__dbt_tmp` AS JSON

  
[0m20:17:30.812140 [debug] [Thread-6 (]: SQL status: OK in 0.400 seconds
[0m20:17:30.817261 [debug] [Thread-6 (]: Databricks adapter: Cursor(session-id=01f18eaf-2ec4-145f-a15a-68d45b4a46b5, command-id=01f18eaf-3020-1be6-ac9d-2867d9c9f011) - Closing
[0m20:17:30.824299 [debug] [Thread-6 (]: Using databricks connection "snapshot.walmart_dbt_project.dim_stores"
[0m20:17:30.825766 [debug] [Thread-6 (]: On snapshot.walmart_dbt_project.dim_stores: /* {"app": "dbt", "dbt_version": "1.12.0", "dbt_databricks_version": "1.12.3", "databricks_sql_connector_version": "4.3.0", "profile_name": "walmart_dbt_project", "target_name": "dev", "invocation_id": "bab40669-912a-474a-a5c0-b381310c55d6", "node_id": "snapshot.walmart_dbt_project.dim_stores"} */

    
  DESCRIBE TABLE EXTENDED `walmart`.`gold`.`dim_stores` AS JSON

  
[0m20:17:31.577954 [debug] [Thread-6 (]: SQL status: OK in 0.750 seconds
[0m20:17:31.584195 [debug] [Thread-6 (]: Databricks adapter: Cursor(session-id=01f18eaf-2ec4-145f-a15a-68d45b4a46b5, command-id=01f18eaf-305e-1bd1-b95d-0d0128166ab8) - Closing
[0m20:17:31.587637 [debug] [Thread-6 (]: Using databricks connection "snapshot.walmart_dbt_project.dim_stores"
[0m20:17:31.591668 [debug] [Thread-6 (]: On snapshot.walmart_dbt_project.dim_stores: /* {"app": "dbt", "dbt_version": "1.12.0", "dbt_databricks_version": "1.12.3", "databricks_sql_connector_version": "4.3.0", "profile_name": "walmart_dbt_project", "target_name": "dev", "invocation_id": "bab40669-912a-474a-a5c0-b381310c55d6", "node_id": "snapshot.walmart_dbt_project.dim_stores"} */

    
  DESCRIBE TABLE EXTENDED `dim_stores__dbt_tmp` AS JSON

  
[0m20:17:32.002393 [debug] [Thread-6 (]: SQL status: OK in 0.410 seconds
[0m20:17:32.005070 [debug] [Thread-6 (]: Databricks adapter: Cursor(session-id=01f18eaf-2ec4-145f-a15a-68d45b4a46b5, command-id=01f18eaf-30d3-1247-ac04-eae9bfa5eba8) - Closing
[0m20:17:32.007368 [debug] [Thread-6 (]: Using databricks connection "snapshot.walmart_dbt_project.dim_stores"
[0m20:17:32.008668 [debug] [Thread-6 (]: On snapshot.walmart_dbt_project.dim_stores: /* {"app": "dbt", "dbt_version": "1.12.0", "dbt_databricks_version": "1.12.3", "databricks_sql_connector_version": "4.3.0", "profile_name": "walmart_dbt_project", "target_name": "dev", "invocation_id": "bab40669-912a-474a-a5c0-b381310c55d6", "node_id": "snapshot.walmart_dbt_project.dim_stores"} */

    
  DESCRIBE TABLE EXTENDED `walmart`.`gold`.`dim_stores` AS JSON

  
[0m20:17:32.850622 [debug] [Thread-6 (]: SQL status: OK in 0.840 seconds
[0m20:17:32.853958 [debug] [Thread-6 (]: Databricks adapter: Cursor(session-id=01f18eaf-2ec4-145f-a15a-68d45b4a46b5, command-id=01f18eaf-3111-17d3-8fd9-6d9d1c54e71b) - Closing
[0m20:17:32.858150 [debug] [Thread-6 (]: Using databricks connection "snapshot.walmart_dbt_project.dim_stores"
[0m20:17:32.859413 [debug] [Thread-6 (]: On snapshot.walmart_dbt_project.dim_stores: /* {"app": "dbt", "dbt_version": "1.12.0", "dbt_databricks_version": "1.12.3", "databricks_sql_connector_version": "4.3.0", "profile_name": "walmart_dbt_project", "target_name": "dev", "invocation_id": "bab40669-912a-474a-a5c0-b381310c55d6", "node_id": "snapshot.walmart_dbt_project.dim_stores"} */

    
  DESCRIBE TABLE EXTENDED `dim_stores__dbt_tmp` AS JSON

  
[0m20:17:33.227602 [debug] [Thread-6 (]: SQL status: OK in 0.370 seconds
[0m20:17:33.231630 [debug] [Thread-6 (]: Databricks adapter: Cursor(session-id=01f18eaf-2ec4-145f-a15a-68d45b4a46b5, command-id=01f18eaf-3192-15ed-b214-8e9e4864e3f2) - Closing
[0m20:17:33.235346 [debug] [Thread-6 (]: Using databricks connection "snapshot.walmart_dbt_project.dim_stores"
[0m20:17:33.236972 [debug] [Thread-6 (]: On snapshot.walmart_dbt_project.dim_stores: /* {"app": "dbt", "dbt_version": "1.12.0", "dbt_databricks_version": "1.12.3", "databricks_sql_connector_version": "4.3.0", "profile_name": "walmart_dbt_project", "target_name": "dev", "invocation_id": "bab40669-912a-474a-a5c0-b381310c55d6", "node_id": "snapshot.walmart_dbt_project.dim_stores"} */
select * from (
        
    
    with snapshot_query as (

        with __dbt__cte__eph_stores as (
SELECT 
    DISTINCT
    store_id,
    store_name,
    store_city,
    store_province,
    store_country,
    store_created_timestamp,
    store_updated_timestamp,
    store_is_active,
    store_processed_at,
    CURRENT_TIMESTAMP() AS store_gold_processed_at
FROM 
    `walmart`.`silver_business`.`obt_b`
) select * from __dbt__cte__eph_stores

    ),

    snapshotted_data as (

        select *, 
    
        store_id as dbt_unique_key
    

        from `walmart`.`gold`.`dim_stores`
        where
            
                
                

                
                ( (dbt_valid_to = to_date('9999-12-31'))
 or dbt_valid_to is null )
            

    ),

    insertions_source_data as (

        select *, 
    
        store_id as dbt_unique_key
    
,
            store_updated_timestamp as dbt_updated_at,
            store_updated_timestamp as dbt_valid_from,
            
  
  coalesce(nullif(store_updated_timestamp, store_updated_timestamp), to_date('9999-12-31'))
  as dbt_valid_to
,
            md5(coalesce(cast(store_id as string ), '')
         || '|' || coalesce(cast(store_updated_timestamp as string ), '')
        ) as dbt_scd_id

        from snapshot_query
    ),

    updates_source_data as (

        select *, 
    
        store_id as dbt_unique_key
    
,
            store_updated_timestamp as dbt_updated_at,
            store_updated_timestamp as dbt_valid_from,
            store_updated_timestamp as dbt_valid_to

        from snapshot_query
    ),

    insertions as (

        select
            'insert' as dbt_change_type,
            source_data.*

        from insertions_source_data as source_data
        left outer join snapshotted_data
            on 
    
        snapshotted_data.dbt_unique_key = source_data.dbt_unique_key
    

            where 
    
        snapshotted_data.dbt_unique_key is null
    

            or (
    
        snapshotted_data.dbt_unique_key is not null
    
 and (
                (snapshotted_data.dbt_valid_from < source_data.store_updated_timestamp)
            )

        )

    ),

    updates as (

        select
            'update' as dbt_change_type,
            source_data.*,
            snapshotted_data.dbt_scd_id

        from updates_source_data as source_data
        join snapshotted_data
            on 
    
        snapshotted_data.dbt_unique_key = source_data.dbt_unique_key
    

        where (
            (snapshotted_data.dbt_valid_from < source_data.store_updated_timestamp)
        )
    )

    select * from insertions
    union all
    select * from updates

    ) as __dbt_sbq
    where false
    limit 0

[0m20:17:34.084591 [debug] [Thread-6 (]: SQL status: OK in 0.850 seconds
[0m20:17:34.086703 [debug] [Thread-6 (]: Using databricks connection "snapshot.walmart_dbt_project.dim_stores"
[0m20:17:34.087867 [debug] [Thread-6 (]: On snapshot.walmart_dbt_project.dim_stores: /* {"app": "dbt", "dbt_version": "1.12.0", "dbt_databricks_version": "1.12.3", "databricks_sql_connector_version": "4.3.0", "profile_name": "walmart_dbt_project", "target_name": "dev", "invocation_id": "bab40669-912a-474a-a5c0-b381310c55d6", "node_id": "snapshot.walmart_dbt_project.dim_stores"} */
select * from (
        select 
    current_timestamp()
 as dbt_snapshot_time
    ) as __dbt_sbq
    where false
    limit 0

[0m20:17:34.089477 [debug] [Thread-6 (]: Databricks adapter: Cursor(session-id=01f18eaf-2ec4-145f-a15a-68d45b4a46b5, command-id=01f18eaf-31cc-12d7-a22e-66f5e07d43b3) - Closing
[0m20:17:34.457226 [debug] [Thread-6 (]: SQL status: OK in 0.370 seconds
[0m20:17:34.459481 [debug] [Thread-6 (]: Writing runtime sql for node "snapshot.walmart_dbt_project.dim_stores"
[0m20:17:34.500787 [debug] [Thread-6 (]: Using databricks connection "snapshot.walmart_dbt_project.dim_stores"
[0m20:17:34.502142 [debug] [Thread-6 (]: On snapshot.walmart_dbt_project.dim_stores: /* {"app": "dbt", "dbt_version": "1.12.0", "dbt_databricks_version": "1.12.3", "databricks_sql_connector_version": "4.3.0", "profile_name": "walmart_dbt_project", "target_name": "dev", "invocation_id": "bab40669-912a-474a-a5c0-b381310c55d6", "node_id": "snapshot.walmart_dbt_project.dim_stores"} */

      merge into `walmart`.`gold`.`dim_stores` as DBT_INTERNAL_DEST
        using `dim_stores__dbt_tmp` as DBT_INTERNAL_SOURCE
    on DBT_INTERNAL_SOURCE.`dbt_scd_id` = DBT_INTERNAL_DEST.`dbt_scd_id`
    when matched
        and ( DBT_INTERNAL_DEST.`dbt_valid_to` = to_date('9999-12-31') or
                DBT_INTERNAL_DEST.`dbt_valid_to` is null )
        and DBT_INTERNAL_SOURCE.`dbt_change_type` in ('update', 'delete')
        then update
        set `dbt_valid_to` = DBT_INTERNAL_SOURCE.`dbt_valid_to`

    when not matched
        and DBT_INTERNAL_SOURCE.`dbt_change_type` = 'insert'
        then insert (`store_id`, `store_name`, `store_city`, `store_province`, `store_country`, `store_created_timestamp`, `store_updated_timestamp`, `store_is_active`, `store_processed_at`, `store_gold_processed_at`, `dbt_updated_at`, `dbt_valid_from`, `dbt_valid_to`, `dbt_scd_id`)
        values (`store_id`, `store_name`, `store_city`, `store_province`, `store_country`, `store_created_timestamp`, `store_updated_timestamp`, `store_is_active`, `store_processed_at`, `store_gold_processed_at`, `dbt_updated_at`, `dbt_valid_from`, `dbt_valid_to`, `dbt_scd_id`)
    ;

  
[0m20:17:34.504241 [debug] [Thread-6 (]: Databricks adapter: Cursor(session-id=01f18eaf-2ec4-145f-a15a-68d45b4a46b5, command-id=01f18eaf-324c-13d4-8e3b-8a934c9c5d3f) - Closing
[0m20:17:37.650157 [debug] [Thread-6 (]: SQL status: OK in 3.150 seconds
[0m20:17:37.652835 [debug] [Thread-6 (]: Databricks adapter: Cursor(session-id=01f18eaf-2ec4-145f-a15a-68d45b4a46b5, command-id=01f18eaf-328a-185b-9159-675767033376) - Closing
[0m20:17:37.656772 [debug] [Thread-6 (]: Applying DROP to: `dim_stores__dbt_tmp`
[0m20:17:37.659209 [debug] [Thread-6 (]: Using databricks connection "snapshot.walmart_dbt_project.dim_stores"
[0m20:17:37.660326 [debug] [Thread-6 (]: On snapshot.walmart_dbt_project.dim_stores: /* {"app": "dbt", "dbt_version": "1.12.0", "dbt_databricks_version": "1.12.3", "databricks_sql_connector_version": "4.3.0", "profile_name": "walmart_dbt_project", "target_name": "dev", "invocation_id": "bab40669-912a-474a-a5c0-b381310c55d6", "node_id": "snapshot.walmart_dbt_project.dim_stores"} */
DROP VIEW IF EXISTS `dim_stores__dbt_tmp`
[0m20:17:38.055261 [debug] [Thread-6 (]: SQL status: OK in 0.390 seconds
[0m20:17:38.056987 [debug] [Thread-6 (]: Databricks adapter: Cursor(session-id=01f18eaf-2ec4-145f-a15a-68d45b4a46b5, command-id=01f18eaf-3482-1262-9f22-ecfa34d64520) - Closing
[0m20:17:38.059526 [debug] [Thread-6 (]: On snapshot.walmart_dbt_project.dim_stores: Close
[0m20:17:38.060477 [debug] [Thread-6 (]: Databricks adapter: Connection(session-id=01f18eaf-2ec4-145f-a15a-68d45b4a46b5) - Closing
[0m20:17:38.388282 [debug] [Thread-6 (]: Sending event: {'category': 'dbt', 'action': 'run_model', 'label': 'bab40669-912a-474a-a5c0-b381310c55d6', 'context': [<snowplow_tracker.self_describing_json.SelfDescribingJson object at 0x7fbfd40ea890>]}
[0m20:17:38.390506 [info ] [Thread-6 (]: 5 of 5 OK snapshotted gold.dim_stores .......................................... [[32mOK[0m in 11.32s]
[0m20:17:38.391886 [debug] [Thread-6 (]: Finished running node snapshot.walmart_dbt_project.dim_stores
[0m20:17:38.396821 [debug] [MainThread]: Databricks adapter: DatabricksDBTConnection(session-id=None, name=master) - Creating connection
[0m20:17:38.397813 [debug] [MainThread]: Acquiring new databricks connection 'master'
[0m20:17:38.399147 [info ] [MainThread]: 
[0m20:17:38.400732 [info ] [MainThread]: Finished running 5 snapshots in 0 hours 1 minutes and 18.21 seconds (78.21s).
[0m20:17:38.403218 [debug] [MainThread]: Command end result
[0m20:17:38.548480 [debug] [MainThread]: Wrote artifact WritableManifest to /opt/airflow/walmart_dbt_project/target/manifest.json
[0m20:17:38.564983 [debug] [MainThread]: Wrote artifact SemanticManifest to /opt/airflow/walmart_dbt_project/target/semantic_manifest.json
[0m20:17:38.579325 [debug] [MainThread]: Wrote artifact OsiDocument to /opt/airflow/walmart_dbt_project/target/osi_document.json
[0m20:17:38.607198 [debug] [MainThread]: Wrote artifact RunExecutionResult to /opt/airflow/walmart_dbt_project/target/run_results.json
[0m20:17:38.608337 [info ] [MainThread]: 
[0m20:17:38.609698 [info ] [MainThread]: [32mCompleted successfully[0m
[0m20:17:38.610967 [info ] [MainThread]: 
[0m20:17:38.611915 [info ] [MainThread]: Done. PASS=5 WARN=0 ERROR=0 SKIP=0 NO-OP=0 REUSED=0 TOTAL=5
[0m20:17:38.614066 [debug] [MainThread]: Resource report: {"command_name": "snapshot", "command_success": true, "command_wall_clock_time": 83.333435, "process_in_blocks": "0", "process_kernel_time": 1.024122, "process_mem_max_rss": "304680", "process_out_blocks": "0", "process_user_time": 9.953195}
[0m20:17:38.615245 [debug] [MainThread]: Command `dbt snapshot` succeeded at 20:17:38.615058 after 83.33 seconds
[0m20:17:38.616241 [debug] [MainThread]: Sending event: {'category': 'dbt', 'action': 'invocation', 'label': 'end', 'context': [<snowplow_tracker.self_describing_json.SelfDescribingJson object at 0x7fbfd491c410>, <snowplow_tracker.self_describing_json.SelfDescribingJson object at 0x7fc00c1dec30>, <snowplow_tracker.self_describing_json.SelfDescribingJson object at 0x7fbfcff6f590>]}
[0m20:17:38.617291 [debug] [MainThread]: Flushing usage events
[0m20:17:39.706974 [debug] [MainThread]: An error was encountered while trying to flush usage events
[0m20:17:44.765330 [debug] [MainThread]: Sending event: {'category': 'dbt', 'action': 'invocation', 'label': 'start', 'context': [<snowplow_tracker.self_describing_json.SelfDescribingJson object at 0x7e2687db0590>, <snowplow_tracker.self_describing_json.SelfDescribingJson object at 0x7e268ac84f50>, <snowplow_tracker.self_describing_json.SelfDescribingJson object at 0x7e2686abbd90>]}


============================== 20:17:44.770544 | 475b7f49-d99c-491f-a48e-6bd381fe9661 ==============================
[0m20:17:44.770544 [info ] [MainThread]: Running with dbt=1.12.0
[0m20:17:44.771777 [debug] [MainThread]: running dbt with arguments {'log_format': 'default', 'fail_fast': 'False', 'empty': 'False', 'cache_selected_only': 'False', 'profiles_dir': '/opt/airflow/walmart_dbt_project', 'write_json': 'True', 'partial_parse': 'True', 'debug': 'False', 'use_colors': 'True', 'quiet': 'False', 'log_path': '/opt/airflow/walmart_dbt_project/logs', 'version_check': 'True', 'no_print': 'None', 'warn_error_options': 'WarnErrorOptionsV2(error=[], warn=[], silence=[])', 'static_parser': 'True', 'introspect': 'True', 'indirect_selection': 'eager', 'use_experimental_parser': 'False', 'hints_enabled': 'True', 'invocation_command': 'dbt run --select gold/fact', 'warn_error': 'None', 'target_path': 'None', 'printer_width': '80', 'send_anonymous_usage_stats': 'True', 'log_cache_events': 'False', 'maximum_seed_size_mib': '1'}
[0m20:17:46.179457 [debug] [MainThread]: Spark adapter: Setting pyhive.hive logging to ERROR
[0m20:17:46.180870 [debug] [MainThread]: Spark adapter: Setting thrift.transport logging to ERROR
[0m20:17:46.182316 [debug] [MainThread]: Spark adapter: Setting thrift.protocol logging to ERROR
[0m20:17:47.195844 [debug] [MainThread]: Sending event: {'category': 'dbt', 'action': 'project_id', 'label': '475b7f49-d99c-491f-a48e-6bd381fe9661', 'context': [<snowplow_tracker.self_describing_json.SelfDescribingJson object at 0x7e2687b9d810>]}
[0m20:17:47.356254 [debug] [MainThread]: Sending event: {'category': 'dbt', 'action': 'adapter_info', 'label': '475b7f49-d99c-491f-a48e-6bd381fe9661', 'context': [<snowplow_tracker.self_describing_json.SelfDescribingJson object at 0x7e26506017b0>]}
[0m20:17:47.360084 [info ] [MainThread]: Registered adapter: databricks=1.12.3
[0m20:17:47.601283 [debug] [MainThread]: checksum: 2cc2bfe6655d8990decf4293b303320fbf01ae4fb602131a9ec6ff506b2e8850, vars: {}, profile: walmart_dbt_project, target: dev, version: 1.12.0
[0m20:17:48.466909 [debug] [MainThread]: Partial parsing enabled: 0 files deleted, 0 files added, 0 files changed.
[0m20:17:48.469237 [debug] [MainThread]: Nothing changed, skipping partial parsing.
[0m20:17:48.470371 [debug] [MainThread]: Partial parsing enabled, no changes found, skipping parsing
[0m20:17:48.488373 [debug] [MainThread]: Sending event: {'category': 'dbt', 'action': 'load_project', 'label': '475b7f49-d99c-491f-a48e-6bd381fe9661', 'context': [<snowplow_tracker.self_describing_json.SelfDescribingJson object at 0x7e264be01950>]}
[0m20:17:48.830615 [debug] [MainThread]: Wrote artifact WritableManifest to /opt/airflow/walmart_dbt_project/target/manifest.json
[0m20:17:48.839849 [debug] [MainThread]: Wrote artifact SemanticManifest to /opt/airflow/walmart_dbt_project/target/semantic_manifest.json
[0m20:17:48.863631 [debug] [MainThread]: Wrote artifact OsiDocument to /opt/airflow/walmart_dbt_project/target/osi_document.json
[0m20:17:48.890982 [debug] [MainThread]: Sending event: {'category': 'dbt', 'action': 'resource_counts', 'label': '475b7f49-d99c-491f-a48e-6bd381fe9661', 'context': [<snowplow_tracker.self_describing_json.SelfDescribingJson object at 0x7e264bec96d0>]}
[0m20:17:48.892215 [info ] [MainThread]: Found 14 models, 1 analysis, 5 data tests, 5 snapshots, 6 sources, 774 macros
[0m20:17:48.893130 [debug] [MainThread]: Sending event: {'category': 'dbt', 'action': 'runnable_timing', 'label': '475b7f49-d99c-491f-a48e-6bd381fe9661', 'context': [<snowplow_tracker.self_describing_json.SelfDescribingJson object at 0x7e265017fd90>]}
[0m20:17:48.895881 [warn ] [MainThread]: [[33mWARNING[0m]: The selection criterion 'gold/fact' does not match any enabled nodes
[0m20:17:48.898350 [warn ] [MainThread]: [[33mWARNING[0m]: Nothing to do. Try checking your model configs and model specification args
[0m20:17:48.901388 [debug] [MainThread]: Command end result
[0m20:17:49.013033 [debug] [MainThread]: Wrote artifact WritableManifest to /opt/airflow/walmart_dbt_project/target/manifest.json
[0m20:17:49.027894 [debug] [MainThread]: Wrote artifact SemanticManifest to /opt/airflow/walmart_dbt_project/target/semantic_manifest.json
[0m20:17:49.041066 [debug] [MainThread]: Wrote artifact OsiDocument to /opt/airflow/walmart_dbt_project/target/osi_document.json
[0m20:17:49.053669 [debug] [MainThread]: Wrote artifact RunExecutionResult to /opt/airflow/walmart_dbt_project/target/run_results.json
[0m20:17:49.055956 [debug] [MainThread]: Resource report: {"command_name": "run", "command_success": true, "command_wall_clock_time": 4.4325957, "process_in_blocks": "0", "process_kernel_time": 0.738524, "process_mem_max_rss": "281280", "process_out_blocks": "0", "process_user_time": 6.594821}
[0m20:17:49.057747 [debug] [MainThread]: Command `dbt run` succeeded at 20:17:49.057479 after 4.43 seconds
[0m20:17:49.059473 [debug] [MainThread]: Sending event: {'category': 'dbt', 'action': 'invocation', 'label': 'end', 'context': [<snowplow_tracker.self_describing_json.SelfDescribingJson object at 0x7e26501d0fc0>, <snowplow_tracker.self_describing_json.SelfDescribingJson object at 0x7e2686d4bc50>, <snowplow_tracker.self_describing_json.SelfDescribingJson object at 0x7e2650125010>]}
[0m20:17:49.060786 [debug] [MainThread]: Flushing usage events
[0m20:17:50.147155 [debug] [MainThread]: An error was encountered while trying to flush usage events
